PlayerID,MLBAM ID,Lastname,Firstname,Age,B,Pos,Tm,MM Code,MM,DL,AB,R,H,2B,3B,HR,RBI,BB,K,SB,CS,AVG,OBP,SLG,OPS,12$,15$,ADP,Min DP,Max DP,BB%,Ct%,Eye,H%,PX,SPD,RSPD,G%,L%,F%,XBA,BA,RCG,RAR,BPV
4515,547989,Abreu,Jose,32,R,3,CHW,3345 BAC,75,20,571,81,161,36,3,25,93,41,123,2,0,282,330,488,818,18,19,85,53,123,7,78,0.33,32,118,81,82,45,21,34,280,35,5.75,15.8,48
5588,660670,Acuna,Ronald,21,R,o7,ATL,4435 BDB,80,32,562,87,158,33,4,30,71,50,155,20,8,282,340,515,854,23,25,8,3,18,8,72,0.32,34,140,128,118,41,19,39,262,30,6.09,31.5,58
4701,542436,Adames,Cristhian,27,B,5,MIA,0400 AFF,0,0,64,6,14,2,0,1,6,4,12,1,0,214,263,287,550,-23,-15,0,0,0,6,81,0.35,25,43,107,83,40,20,40,224,45,2.45,-4.1,5
5053,642715,Adames,Willy,23,R,6,TAM,2315 ABA,55,0,490,66,123,21,3,14,51,54,149,9,6,252,327,393,720,1,5,236,136,359,10,70,0.37,34,90,141,102,49,18,32,229,25,4.28,4.7,15
4003,571431,Adams,Matt,30,L,3,WAS,4031 CDC,8,37,221,29,58,11,0,13,40,17,56,0,0,262,314,486,800,-9,-3,617,302,635,7,75,0.3,29,128,64,0,36,20,45,260,30,5.28,3.3,37
4456,451192,Adduci,James,34,L,3,DET,1301 AFF,5,54,128,14,32,8,0,2,16,8,34,3,0,250,294,379,673,-19,-11,0,0,0,6,73,0.23,32,88,89,86,40,20,40,232,30,3.84,-3.5,3
4466,501303,Adrianza,Ehire,29,B,65,MIN,1321 FFB,7,168,95,11,24,5,0,2,11,7,21,2,1,247,298,383,680,-20,-12,725,410,750,7,78,0.33,30,82,113,96,40,22,38,250,40,3.84,-0.4,28
4631,542583,Aguilar,Jesus,29,R,3,MIL,4045 ACC,65,0,493,69,128,26,1,32,94,51,143,0,0,260,329,510,840,13,14,81,41,128,9,71,0.36,30,149,52,0,38,23,40,271,40,5.79,14.6,40
4674,605113,Ahmed,Nick,29,R,6,ARI,3145 DDB,65,167,542,64,135,29,4,20,64,36,115,5,5,250,296,427,723,3,6,544,290,555,6,79,0.32,28,100,102,60,44,22,34,271,45,4.17,3.3,41
4933,593643,Alberto,Hanser,26,R,6,BAL,0010 AFF,0,193,33,3,9,1,0,0,4,1,3,0,0,263,277,352,629,-23,-15,751,689,690,2,91,0.21,28,46,93,5,40,20,40,253,45,3.19,-1.3,34
5173,645277,Albies,Ozzie,22,B,4,ATL,2535 AAB,75,0,572,88,153,29,8,16,59,40,110,17,4,267,314,426,740,13,15,59,31,86,7,81,0.36,31,88,136,132,40,20,40,256,40,4.7,8.7,50
4985,595751,Alfaro,Jorge,26,R,2,MIA,2403 ADA,27,0,423,43,100,18,2,11,48,19,152,4,1,237,270,366,636,-8,-3,244,150,347,4,64,0.13,34,91,117,100,49,20,31,216,20,3.31,-1.7,-25
5197,546990,Alford,Anthony,24,R,o,TOR,1310 BFF,0,62,63,8,15,4,0,1,5,5,17,2,1,233,293,341,634,-22,-14,739,355,750,8,72,0.31,31,78,97,91,44,20,36,228,30,3.29,-1.6,-2
5188,656185,Allen,Greg,26,B,o8,CLE,1533 AFB,36,0,254,34,65,14,2,4,20,18,58,16,5,257,306,370,676,-9,-2,340,194,423,7,77,0.31,32,72,120,132,46,24,29,255,35,3.92,-1.7,17
4801,546991,Almora,Albert,25,R,o8,CHC,1235 ACC,55,0,454,58,124,24,2,7,48,22,82,2,2,274,308,385,692,-2,2,639,312,703,5,82,0.27,32,66,121,65,49,22,29,265,40,4.1,-0.5,28
5829,624413,Alonso,Peter,24,R,3,NYM,4013 AFD,24,0,370,51,86,21,1,16,67,38,117,0,2,232,304,424,728,-4,0,240,110,361,9,68,0.33,29,125,88,2,38,19,43,235,30,4.18,-6.6,21
3390,475174,Alonso,Yonder,32,L,3,CHW,2125 BBF,50,0,461,58,108,19,0,19,63,49,105,2,1,235,308,395,703,-2,1,320,206,396,10,77,0.46,27,91,58,40,39,22,39,251,50,4.04,-6.5,20
4653,571437,Altherr,Aaron,28,R,o9,PHI,2400 DDF,0,147,31,4,7,1,0,1,4,3,10,1,0,213,289,387,677,-23,-15,737,383,750,10,66,0.31,28,116,105,87,45,20,35,232,35,3.61,-0.8,10
3863,514888,Altuve,Jose,29,R,4,HOU,2455 AAD,80,24,560,93,182,32,3,17,71,52,78,23,6,325,383,486,869,29,32,15,4,28,9,86,0.68,35,86,123,118,47,23,31,296,50,7.06,43.4,69
3116,476883,Alvarez,Pedro,32,L,0,MIA,2000 AFF,0,0,64,5,14,2,0,2,9,4,22,0,0,218,259,333,592,-23,-15,751,676,745,5,66,0.16,30,74,63,0,40,20,40,197,20,2.81,-3.9,-45
5926,670541,Alvarez,Yordan,22,L,7,HOU,4121 AFF,8,0,93,14,24,5,0,5,17,9,28,1,1,260,328,466,794,-18,-10,725,417,750,9,70,0.33,32,130,92,73,40,20,40,247,25,5.22,1.7,30
5663,605119,Anderson,Brian,26,R,9o5,MIA,1135 ABB,50,0,523,75,134,26,4,11,66,55,117,2,3,256,327,382,709,2,5,286,161,430,10,78,0.47,31,76,121,52,50,23,27,262,45,4.22,-4.4,28
4962,641313,Anderson,Tim,26,R,6,CHW,2525 AAA,70,0,559,73,142,27,4,17,55,19,149,22,6,254,279,405,684,9,12,132,78,184,3,73,0.13,32,93,135,141,50,20,30,253,30,3.87,-1.5,17
3115,462101,Andrus,Elvis,30,R,6,TEX,1445 CBC,70,67,539,73,146,30,4,10,55,39,84,15,8,270,319,395,714,7,11,181,92,274,7,85,0.47,31,71,123,100,50,20,30,274,50,4.29,5.2,47
5637,609280,Andujar,Miguel,24,R,5,NYY,4255 ACC,80,0,580,83,170,43,2,27,93,32,95,4,2,293,330,514,844,22,23,76,34,131,5,84,0.34,31,121,88,63,44,20,36,296,45,6.08,25.4,70
5121,516472,Arcia,Francisco,29,L,2,LAA,0000 AFF,0,0,33,3,7,0,0,0,3,1,7,0,0,200,234,263,496,-24,-16,0,0,0,4,77,0.19,25,33,90,50,40,20,40,207,40,1.91,-1.6,-26
5088,606115,Arcia,Orlando,24,R,6,MIL,1435 ABD,65,0,450,50,114,21,2,7,42,26,98,10,6,253,294,354,648,-5,0,480,211,504,6,78,0.27,31,63,130,100,51,22,27,255,40,3.46,-6.8,15
4027,571448,Arenado,Nolan,28,R,5,COL,4155 AAB,75,0,584,100,174,39,4,37,115,62,109,2,2,298,365,567,933,32,31,8,3,15,10,81,0.57,31,143,100,53,38,20,42,296,45,7.46,47.7,91
5421,624414,Arroyo,Christian,24,R,4,TAM,0000 AFF,0,30,33,3,7,2,0,0,3,1,7,0,1,206,237,300,537,-24,-16,747,473,750,4,78,0.19,25,64,101,57,40,20,40,231,45,2.12,-2.5,4
5114,553902,Astudillo,Willians,27,R,2,MIN,2153 AFC,33,0,265,28,73,17,1,8,36,7,12,2,2,276,294,435,729,-9,-3,262,115,383,2,95,0.55,27,79,74,43,40,24,36,310,65,4.38,7.1,74
5346,592122,Austin,Tyler,27,R,30,MIN,5131 CDB,10,107,219,29,52,13,1,14,36,19,78,1,1,238,298,490,788,-11,-5,653,242,721,8,64,0.24,30,168,77,41,40,21,39,253,30,4.83,0.4,33
5991,623214,Avelino,Abiatal,24,R,6,SF,1500 AFF,0,0,65,7,16,2,1,1,7,3,15,3,1,249,287,371,658,-21,-13,0,0,0,5,76,0.22,31,65,123,123,40,20,40,226,30,3.59,-0.7,6
3317,488671,Avila,Alex,32,L,2,ARI,3001 CDF,4,77,113,11,23,4,0,4,13,23,48,0,0,206,339,363,702,-22,-14,722,405,748,17,57,0.47,31,119,63,0,47,24,30,207,30,3.95,1.8,-21
5393,664056,Bader,Harrison,25,R,o89,STL,2415 ACB,60,0,508,71,122,23,2,16,55,36,160,15,8,241,291,386,677,3,7,185,111,286,7,69,0.23,32,95,130,107,43,22,35,231,30,3.65,-7.6,4
4521,595879,Baez,Javier,26,R,465,CHC,4535 ABB,85,12,582,88,163,34,5,29,96,30,169,17,7,279,314,504,818,26,26,16,2,30,5,71,0.18,35,137,134,122,46,20,34,266,30,5.47,21.7,46
4840,542908,Bandy,Jett,29,R,2,TEX,2030 AFF,0,30,33,3,8,2,0,1,4,1,6,0,0,234,258,411,669,-23,-15,0,0,0,3,81,0.16,26,103,76,81,40,20,40,265,50,3.58,0.1,36
4831,605131,Barnes,Austin,29,R,2,LA,2323 ADF,30,0,238,34,54,10,1,8,27,34,67,6,3,229,327,379,705,-13,-7,339,66,520,13,72,0.52,29,92,114,86,49,21,30,247,45,4,4,23
4549,571466,Barnhart,Tucker,28,B,2,CIN,1033 ACB,21,0,398,37,103,20,2,8,42,44,78,1,2,259,332,378,710,-9,-3,267,168,351,10,80,0.56,30,71,83,30,47,24,30,266,50,4.24,9.3,25
5406,620439,Barreto,Franklin,23,R,4,OAK,4301 ACA,8,0,127,18,31,6,1,6,17,9,44,2,2,248,299,460,758,-17,-10,602,321,652,7,65,0.21,33,137,130,96,37,16,47,224,25,4.47,1.9,25
5482,641343,Bauers,Jake,23,L,3o,CLE,4145 ABB,70,0,479,73,124,33,1,19,68,65,123,9,6,260,348,452,800,8,11,233,162,330,12,74,0.53,31,120,74,52,44,23,33,270,45,5.26,9.4,41
3258,493596,Beckham,Gordon,32,R,4,DET,2030 AFF,0,56,31,4,7,2,0,1,3,3,6,0,0,237,311,355,665,-24,-15,751,678,678,10,82,0.58,27,70,98,63,40,20,40,246,50,3.62,-0.5,34
4036,542921,Beckham,Tim,29,R,65,SEA,3313 DCC,30,72,381,44,93,17,3,12,37,27,123,4,2,243,293,402,694,-8,-3,580,219,590,7,68,0.22,33,103,118,82,47,20,33,233,30,3.91,-0.6,4
5084,605137,Bell,Josh,26,B,3,PIT,2145 AAA,60,12,507,71,134,28,4,17,65,71,100,4,6,264,355,439,793,6,9,256,181,358,12,80,0.71,30,98,94,44,49,19,32,272,55,5.21,6.6,54
5461,641355,Bellinger,Cody,23,L,3o8,LA,4525 ABD,80,10,544,85,145,27,5,28,87,68,152,16,3,267,348,488,836,20,21,44,25,65,11,72,0.45,32,130,127,123,38,19,42,249,35,5.97,23.8,54
3643,474832,Belt,Brandon,31,L,3,SF,4325 DBB,70,92,508,71,131,28,4,24,63,70,142,5,1,258,347,466,813,7,10,389,225,429,12,72,0.49,31,126,94,79,27,27,46,254,40,5.57,11.9,44
5209,643217,Benintendi,Andrew,24,L,o78,BOS,2445 ABB,75,20,581,93,165,38,4,16,86,65,107,21,5,284,356,448,804,22,24,30,15,44,10,82,0.61,32,94,112,106,40,23,36,271,50,5.72,18.5,57
4673,605141,Betts,Mookie,26,R,o9,BOS,4555 AAF,95,11,572,112,182,46,5,27,85,74,87,28,6,317,395,557,952,39,39,2,1,4,11,85,0.84,34,128,123,125,37,20,43,294,50,8.31,59.9,103
6005,666182,Bichette,Bo,21,R,6,TOR,4350 AFF,0,0,63,10,18,6,1,2,8,5,12,2,1,284,337,475,812,-20,-12,555,158,608,7,80,0.41,33,117,110,105,40,20,40,276,45,5.65,3,64
6067,624415,Biggio,Cavan,24,L,,TOR,2200 AFF,0,0,29,4,7,1,0,1,5,5,10,1,1,234,355,450,804,-23,-14,733,490,750,16,64,0.53,31,144,105,88,40,20,40,237,35,5.16,0.9,38
5005,595885,Bird,Gregory,26,L,3,NYY,4023 FFB,27,358,242,30,55,13,1,13,36,30,68,0,0,228,314,453,768,-12,-7,543,195,612,11,72,0.44,26,136,75,0,32,18,50,244,45,4.71,-0.4,42
6080,623323,Bishop,Braden,25,R,,SEA,3020 AFF,0,0,31,5,7,2,0,1,2,3,8,0,0,238,299,339,638,-24,-15,0,0,0,8,76,0.36,30,67,108,80,40,20,40,226,35,3.36,-0.7,8
3740,453568,Blackmon,Charlie,33,L,8o,COL,3455 AAD,85,15,593,112,180,32,8,27,77,53,121,13,6,303,360,523,883,29,30,27,11,42,8,80,0.44,34,119,127,101,42,24,34,289,40,6.77,38.1,70
908,433217,Blanco,Andres,35,B,5,ATL,1010 AFF,0,39,32,3,6,1,0,1,3,2,6,0,0,199,248,301,549,-24,-16,0,0,0,6,80,0.33,23,59,85,54,40,20,40,234,50,2.28,-2.3,9
2871,453923,Blanco,Gregor,35,L,o78,NYM,0000 AFF,0,24,31,2,5,1,0,0,1,3,10,0,0,171,238,247,485,-25,-17,0,0,0,8,67,0.27,24,53,96,53,40,20,40,191,35,1.78,-2.9,-42
5602,607468,Blandino,Alex,26,R,4,CIN,1101 CDC,3,73,152,17,33,7,0,3,14,18,45,1,2,218,303,321,623,-21,-13,751,599,661,11,71,0.41,29,71,102,41,45,23,32,227,40,3.03,-5.4,-7
4426,593428,Bogaerts,Xander,26,R,6,BOS,3455 AAC,85,19,588,88,168,42,4,23,95,58,117,11,2,286,351,487,838,22,24,48,29,72,9,80,0.5,32,115,108,101,45,21,34,285,45,6.15,36.1,65
5446,593528,Bonifacio,Jorge,26,R,o9,KC,3021 ACB,6,0,93,12,24,6,1,3,10,9,26,0,0,258,324,433,757,-20,-12,726,469,748,9,72,0.34,33,111,93,48,35,25,40,249,30,4.79,0.9,23
5093,607471,Bostick,Christopher,26,R,4o7,BAL,1400 AFF,0,0,32,3,8,2,0,0,3,2,8,1,0,257,299,362,661,-23,-15,0,0,0,6,74,0.23,34,73,99,67,40,20,40,224,25,3.58,-0.6,-2
5867,623520,Bote,David,26,R,5,CHC,2221 ADB,7,0,187,22,45,9,1,5,26,17,54,2,1,241,304,385,689,-16,-9,713,381,750,8,71,0.31,31,91,108,73,54,21,25,250,35,3.86,-3.6,9
4644,571506,Bour,Justin,31,L,3,LAA,4133 DCD,33,128,390,49,97,16,0,23,67,52,96,2,0,248,336,466,802,1,5,431,130,616,12,76,0.54,27,121,42,43,44,20,36,265,50,5.34,6.7,37
3464,488721,Bourjos,Peter,32,R,o7,LAA,1001 AFF,2,25,98,9,20,4,2,1,5,4,27,0,1,207,237,313,549,-24,-16,751,661,735,4,73,0.14,27,66,150,51,40,20,40,216,35,2.25,-6.8,-2
4242,598265,Bradley,Jackie,29,L,o8,BOS,3325 AAB,65,20,434,65,106,26,4,14,57,42,120,13,2,244,310,415,726,2,6,221,152,325,9,72,0.35,31,108,91,92,46,19,35,250,35,4.44,3.9,23
3339,488726,Brantley,Michael,32,L,o7,HOU,1355 FDF,70,234,530,83,148,31,2,13,80,48,61,12,1,279,338,421,759,14,17,116,56,156,8,88,0.78,29,76,89,91,46,24,30,297,60,5.15,8.3,60
2542,460075,Braun,Ryan,35,R,o7,MIL,4255 CBC,80,64,469,71,126,29,2,24,73,41,95,11,6,268,327,490,818,13,15,199,112,273,8,80,0.44,29,123,92,75,50,21,29,297,50,5.46,11.8,63
5285,608324,Bregman,Alex,25,R,56,HOU,4355 AAB,85,0,571,98,163,44,3,27,90,75,91,12,4,286,368,515,884,25,25,14,5,27,12,84,0.82,30,124,110,93,35,23,42,294,60,6.75,36.2,93
5883,593993,Briceno,Jose,36,R,2,LAA,1300 AFF,0,0,33,4,7,1,0,1,4,1,8,1,0,205,219,375,594,-23,-15,750,554,749,2,75,0.07,23,96,82,93,40,20,40,243,45,2.71,-0.8,7
5054,621446,Brinson,Lewis,25,R,8o,MIA,2425 CDD,65,60,546,57,126,22,7,15,61,32,149,11,5,231,273,382,656,-2,2,422,182,519,6,73,0.21,29,90,136,113,54,16,30,244,40,3.42,-17.3,17
5034,593647,Brito,Socrates,26,L,o,ARI,3311 AFF,8,116,128,15,30,8,1,3,12,8,39,3,1,238,284,376,660,-19,-12,748,613,749,6,70,0.21,32,95,101,81,40,20,40,226,25,3.48,-2.5,0
5051,542979,Broxton,Keon,29,R,o89,NYM,4501 ADC,10,0,187,23,36,7,2,7,17,17,82,9,3,193,262,359,621,-17,-10,608,263,702,9,56,0.21,30,125,136,144,47,23,30,211,30,2.96,-7.1,-15
2807,457803,Bruce,Jay,32,L,o93,SEA,4045 CBC,65,66,428,58,111,25,2,28,73,48,101,3,4,260,334,526,860,8,10,278,193,387,10,76,0.47,28,149,75,37,31,23,47,283,50,5.88,14,69
4522,592178,Bryant,Kris,27,R,5o,CHC,4235 BAC,70,54,511,88,144,34,3,24,73,67,144,5,4,281,365,502,867,16,17,33,15,48,12,72,0.47,35,137,113,69,34,23,43,259,35,6.37,27.2,56
4581,542993,Burns,Billy,29,B,8,NYY,0300 AFF,0,0,32,3,7,1,0,0,2,2,6,1,1,202,244,253,497,-24,-15,0,0,0,5,83,0.32,24,29,110,68,40,20,40,218,45,1.78,-2.5,0
4567,621439,Buxton,Byron,25,R,8o,MIN,2505 CCC,60,74,449,67,110,25,5,10,42,27,146,19,1,245,288,388,677,1,5,161,64,270,6,67,0.19,34,98,154,176,39,21,39,219,20,3.95,-2.5,8
2717,452678,Cabrera,Asdrubal,33,B,465,TEX,3155 BAA,70,38,535,78,154,41,1,21,77,43,95,3,1,288,342,485,827,14,16,228,134,413,8,82,0.46,32,113,76,59,41,20,39,281,45,5.93,21.4,59
1129,466320,Cabrera,Melky,34,B,o9,PIT,1251 ABB,9,0,128,14,36,8,0,3,18,8,18,1,0,279,321,421,742,-17,-10,721,371,750,6,86,0.44,31,80,69,49,46,24,29,289,55,4.75,1.1,43
813,408234,Cabrera,Miguel,36,R,3,DET,3055 FCF,65,150,448,62,135,29,0,17,74,62,92,0,0,300,385,478,862,10,13,162,104,249,12,80,0.67,35,104,59,0,45,25,30,282,45,6.69,26.8,45
3419,456715,Cain,Lorenzo,33,R,8o,MIL,1545 BAB,75,43,555,86,169,26,3,10,48,57,100,28,6,304,368,417,785,19,23,66,40,112,9,82,0.57,36,65,134,134,50,23,27,272,40,5.73,24.6,41
4109,594777,Calhoun,Kole,31,L,o9,LAA,3125 BAB,55,17,521,75,124,23,2,21,63,57,137,5,2,238,313,408,720,3,5,420,243,511,10,74,0.41,28,100,78,60,41,21,38,246,40,4.25,-3.3,20
5669,641432,Calhoun,Willie,24,L,o7,TEX,2333 ABC,33,0,255,30,66,14,1,8,30,17,37,1,0,258,304,418,722,-12,-6,501,230,554,6,86,0.46,27,86,95,96,39,19,42,264,55,4.38,-1.6,54
5534,622666,Camargo,Johan,25,B,5,ATL,2133 BCC,27,48,348,44,95,21,2,11,47,26,78,1,1,272,322,434,757,-4,1,407,157,446,7,78,0.33,32,98,95,49,46,20,34,261,35,4.87,3.7,33
6040,663662,Cameron,Daz,22,R,8,DET,2410 AFF,0,0,31,4,8,2,1,0,4,3,8,1,1,257,318,416,734,-23,-15,706,403,746,8,73,0.33,34,98,134,128,40,20,40,238,30,4.36,0.2,30
5306,600869,Candelario,Jeimer,25,B,5,DET,3225 ABB,60,12,518,68,123,32,3,19,61,60,138,2,1,238,318,424,742,0,2,425,215,496,10,73,0.44,29,115,88,60,42,18,40,248,40,4.5,-0.1,35
4866,592192,Canha,Mark,30,R,o87,OAK,3121 CDD,7,146,189,28,47,12,1,7,25,15,47,1,1,250,305,432,736,-14,-8,702,406,750,7,75,0.32,30,111,100,71,37,21,42,252,35,4.44,-0.9,35
1091,429664,Cano,Robinson,36,L,4,NYM,2045 AAC,55,105,530,70,151,30,0,17,79,48,81,1,1,285,345,440,785,11,13,122,66,170,8,85,0.6,31,86,67,35,49,21,30,279,45,5.39,18.1,46
5508,605170,Caratini,Victor,25,B,23,CHC,1021 ADD,4,0,188,21,50,10,1,2,24,16,42,0,0,263,319,356,675,-16,-9,676,364,695,8,78,0.37,33,61,96,0,58,20,22,251,35,3.93,2.6,6
3792,572761,Carpenter,Matt,33,L,35,STL,4145 AAB,70,29,518,98,133,36,2,28,73,94,134,3,2,257,371,497,869,14,14,71,40,133,15,74,0.7,30,144,84,53,28,25,46,268,50,6.29,27.1,70
4688,592200,Casali,Curtis,30,R,2,CIN,2011 AFB,4,0,155,16,38,7,0,6,21,15,43,0,1,243,311,408,719,-17,-10,721,404,750,9,72,0.35,30,102,67,1,38,22,40,240,30,4.2,3.5,10
4245,592206,Castellanos,Nick,27,R,o9,DET,4245 BAB,75,51,600,81,171,40,6,24,89,46,149,2,2,285,335,492,827,17,19,91,34,136,7,75,0.31,34,124,116,61,36,27,38,278,35,5.82,23.1,51
3573,456078,Castillo,Welington,32,R,2,CHW,2213 BDD,24,35,353,35,87,14,0,14,38,21,101,1,0,247,289,405,693,-9,-4,222,116,318,6,71,0.21,31,96,64,65,40,22,38,236,30,3.97,5.5,-5
3139,488771,Castro,Jason,32,L,2,MIN,3003 FDD,18,149,242,27,52,13,1,6,23,30,87,0,0,214,302,350,652,-18,-12,655,269,729,11,64,0.35,31,100,87,0,43,24,34,223,25,3.43,-0.2,-14
3447,516770,Castro,Starlin,29,R,4,MIA,1235 BBB,55,52,607,75,170,30,2,15,67,39,125,5,3,280,324,412,736,10,13,361,225,418,6,79,0.31,33,77,101,68,51,20,29,260,30,4.68,8.7,23
5137,595909,Cave,Jake,26,L,o8,MIN,4131 ACC,9,0,127,17,31,7,1,5,15,9,40,1,1,242,294,442,736,-18,-11,622,277,676,7,68,0.23,31,127,102,60,44,24,31,253,35,4.24,0.4,20
3101,465041,Cervelli,Francisco,33,R,2,PIT,1113 FCB,18,135,359,41,93,17,2,8,49,49,88,2,2,260,348,389,737,-7,-2,270,119,388,12,76,0.55,32,79,101,54,44,20,35,237,40,4.6,12.1,22
4041,493316,Cespedes,Yoenis,33,R,o7,NYM,4331 FDB,11,230,126,18,34,7,1,7,22,10,33,1,0,274,329,511,841,-15,-8,593,51,695,8,74,0.31,32,138,82,70,35,19,47,261,30,5.92,4.7,48
5189,644374,Chang,Yu-Cheng,23,R,6,CLE,3000 AFF,0,0,32,3,7,2,0,1,3,2,11,0,0,236,291,368,658,-24,-15,747,438,747,7,65,0.22,34,99,115,64,40,20,40,213,25,3.5,-0.4,-8
5407,656305,Chapman,Matt,26,R,5,OAK,4125 ABC,60,29,553,89,139,38,5,24,74,59,171,3,5,251,324,469,793,10,11,111,72,154,10,69,0.35,32,141,108,47,38,19,44,249,30,5.02,8.5,43
5576,656308,Chavis,Michael,23,R,5,BOS,3010 AFF,0,0,32,5,9,2,0,1,4,2,10,0,0,277,325,458,783,-23,-14,719,219,749,7,68,0.22,37,124,99,74,40,20,40,237,20,5.19,0.6,15
3719,455139,Chirinos,Robinson,35,R,2,HOU,4303 CDD,30,60,367,54,77,15,1,19,60,41,130,1,0,210,289,411,700,-6,-3,250,148,363,10,65,0.32,27,131,91,93,35,18,47,220,30,3.85,4.6,13
3637,502082,Chisenhall,Lonnie,30,L,9o,PIT,2331 FFB,9,240,219,28,57,13,2,7,31,19,43,2,1,260,319,430,749,-12,-6,645,286,722,8,80,0.44,30,97,118,95,35,21,44,256,45,4.73,1.7,52
4539,596847,Choi,Ji-Man,28,L,0,TAM,4135 ADB,65,0,420,49,104,26,1,20,67,56,122,4,2,247,335,456,791,1,4,604,287,676,12,71,0.45,30,131,65,43,45,20,35,258,45,5.11,4.3,33
1077,425783,Choo,Shin-Soo,36,L,0o97,TEX,2135 CBB,55,124,473,71,122,22,1,17,55,71,128,6,4,257,355,418,772,4,7,278,194,366,13,73,0.56,32,98,80,56,50,22,28,257,40,5.03,7.2,22
5931,624419,Ciuffo,Nick,24,L,2,TAM,3000 AFA,0,0,32,3,7,2,0,1,3,2,10,0,0,226,274,354,628,-24,-15,751,712,737,6,69,0.22,30,90,98,0,46,13,42,200,25,3.19,-0.2,-8
4246,518568,Colon,Christian,30,R,4,CIN,1220 AFF,0,0,63,6,13,3,0,1,5,5,10,1,1,210,265,307,573,-23,-15,0,0,0,7,84,0.46,24,59,99,69,40,20,40,243,55,2.46,-3.5,28
4982,624424,Conforto,Michael,26,L,o78,NYM,4135 BBF,65,56,537,83,139,29,2,31,91,75,152,3,3,259,350,492,842,15,16,103,63,148,12,72,0.49,31,140,83,45,41,21,38,265,40,5.83,26.6,50
5162,575929,Contreras,Willson,27,R,2,CHC,3235 ACB,65,10,459,54,120,26,3,16,65,51,114,4,3,262,335,433,769,2,6,132,50,177,10,75,0.44,32,103,100,62,54,18,29,264,45,4.95,20.1,35
5651,643265,Cooper,Garrett,28,R,o,MIA,4031 FDF,8,187,222,30,57,16,0,10,41,16,56,0,1,258,309,460,769,-10,-4,733,341,750,7,75,0.29,30,126,77,2,45,19,36,263,35,4.75,-0.1,39
5565,614173,Cordero,Franchy,24,L,o7,SD,4523 FDA,42,140,286,33,72,10,5,14,34,20,101,10,6,253,301,469,771,-6,0,442,178,446,6,65,0.2,34,135,148,129,47,23,31,250,25,4.59,0,26
4792,621043,Correa,Carlos,24,R,6,HOU,3245 CBF,70,90,515,83,140,26,1,25,89,63,126,8,3,272,351,474,825,17,18,50,22,81,11,75,0.5,32,116,94,75,47,20,33,269,45,5.8,27.2,47
3755,446359,Cozart,Zack,33,R,5,LAA,2335 FCF,65,137,437,63,110,24,4,15,48,39,76,3,1,251,312,426,738,-1,2,578,307,595,8,83,0.51,27,95,109,86,39,20,41,265,50,4.52,0.2,57
3674,543063,Crawford,Brandon,32,L,6,SF,2135 AAB,55,12,529,61,132,28,3,13,64,49,120,4,4,250,313,385,698,0,3,530,293,531,8,77,0.4,30,82,79,44,44,23,32,255,45,4.01,0.7,17
5041,641487,Crawford,J.P.,24,L,6,SEA,2423 DCB,33,91,307,39,71,14,5,8,32,33,77,5,2,232,307,379,686,-12,-6,646,373,706,10,75,0.43,29,86,131,108,39,26,36,252,45,3.86,-0.9,29
4546,543068,Cron,C.J.,29,R,3,MIN,4045 BCC,65,57,478,62,130,30,1,26,80,32,115,1,2,272,317,500,817,10,12,250,152,513,6,76,0.27,31,133,77,28,38,22,40,274,40,5.44,12.8,47
1033,443558,Cruz,Nelson,39,R,0,MIN,4045 AAB,65,12,520,76,142,24,1,34,96,58,121,1,1,274,346,520,866,18,19,99,47,185,10,77,0.48,30,134,64,33,44,18,39,275,45,6.29,26.4,56
5868,571595,Cuevas,Noel,27,R,o9,COL,1210 ACB,0,0,33,3,8,1,0,1,3,1,6,1,1,257,286,376,662,-23,-15,751,706,748,4,81,0.21,30,66,110,74,48,15,37,238,40,3.45,-1,20
4100,518586,Culberson,Charlie,30,R,o756,ATL,2221 ADF,7,0,160,19,40,8,1,4,19,10,44,2,2,250,293,386,679,-17,-10,670,328,695,6,73,0.22,32,87,104,62,49,20,31,242,30,3.71,-2.2,5
4849,596144,Cuthbert,Cheslor,26,R,5,KC,1121 BDC,5,177,223,21,53,11,1,5,26,15,48,1,1,237,286,356,642,-17,-10,751,704,748,6,79,0.32,28,72,90,47,44,21,35,245,40,3.38,-7.6,14
3967,518595,D Arnaud,Travis,30,R,2,NYM,2031 FFC,6,249,158,19,40,8,1,6,21,12,29,0,0,253,305,423,728,-16,-9,664,355,740,7,82,0.41,28,93,84,0,42,19,39,260,50,4.4,4.4,42
5333,621311,Dahl,David,25,L,o79,COL,4345 FDF,80,231,511,69,145,30,6,26,75,33,137,13,6,285,329,515,844,17,19,70,41,119,6,73,0.24,34,136,112,97,42,22,36,272,30,5.92,19.3,50
4087,571602,Davidson,Matthew,28,R,3,TEX,4011 CCA,6,120,124,14,29,7,0,7,19,12,44,0,0,233,298,444,742,-18,-11,698,344,748,9,65,0.26,30,142,83,0,39,18,43,227,25,4.4,-1.4,16
2867,448801,Davis,Chris,33,L,3,BAL,4205 BAC,55,29,459,57,95,15,0,22,58,51,186,2,0,206,286,381,667,-6,-3,634,277,712,10,59,0.27,29,123,65,67,37,22,40,207,25,3.52,-17.8,-22
5673,605204,Davis,J.D.,26,R,5,NYM,2311 ACA,7,0,95,9,22,4,0,3,11,7,29,1,0,229,284,366,650,-21,-13,704,286,747,7,69,0.25,30,91,83,86,50,20,29,229,30,3.48,-2.9,-8
5988,641505,Davis,Jonathan,27,R,o,TOR,2420 AFF,0,0,32,5,8,2,0,1,3,2,7,1,0,247,301,369,671,-23,-14,0,0,0,7,78,0.35,30,76,96,99,40,20,40,239,35,3.83,-0.3,18
4234,501981,Davis,Khristopher,31,R,0,OAK,5135 AAA,70,9,557,91,137,27,1,43,111,55,173,2,1,246,314,529,843,21,20,44,20,79,9,69,0.32,28,170,72,50,37,17,45,259,35,5.6,18,53
2399,434658,Davis,Rajai,38,R,o87,NYM,1501 BCB,7,21,96,14,20,3,1,1,4,6,26,6,2,206,251,303,554,-21,-13,734,385,749,6,73,0.22,27,61,130,152,46,20,34,223,40,2.42,-5.3,-8
5958,621573,Dean,Austin,25,R,o7,MIA,2231 ACB,8,0,127,17,33,6,1,4,17,9,26,1,1,260,307,412,719,-17,-10,709,413,746,6,79,0.33,30,85,112,63,42,21,37,256,35,4.26,-1.3,34
5566,657557,DeJong,Paul,25,R,6,STL,4135 BBD,65,50,476,66,121,27,1,25,71,34,139,1,1,254,304,470,774,6,8,180,100,287,7,71,0.24,31,134,97,50,32,24,43,253,30,4.85,12.4,35
5445,547170,Delmonico,Nick,26,L,o7,CHW,3123 CCA,27,74,278,31,65,14,3,10,27,28,75,1,1,232,303,412,715,-14,-8,737,474,750,9,73,0.38,28,108,101,54,42,19,38,244,40,4.09,-4.3,30
3622,518614,Descalso,Daniel,32,L,45,CHC,3113 BCB,24,40,234,35,54,14,1,8,33,38,66,1,1,230,338,399,737,-13,-7,702,327,750,14,72,0.58,29,108,85,59,35,22,43,239,40,4.45,2,29
4793,592261,DeShields Jr.,Delino,26,R,8o,TEX,1503 BCD,27,48,394,61,87,16,1,4,24,48,108,25,9,222,307,299,607,-6,-1,397,198,480,11,72,0.45,30,54,123,127,48,19,33,218,40,3.04,-13.6,-6
3122,435622,Desmond,Ian,33,R,3o,COL,2535 CBB,75,72,504,74,128,20,5,17,71,40,132,19,5,255,310,414,724,11,13,142,63,190,7,74,0.31,31,92,127,123,60,17,23,264,35,4.41,4.1,24
5208,646240,Devers,Rafael,22,L,5,BOS,4035 BDF,60,40,466,66,117,26,1,23,68,44,117,3,3,252,316,459,775,5,7,143,96,204,9,75,0.38,29,122,68,37,49,14,37,255,40,4.86,4.9,37
5124,649557,Diaz,Aledmys,28,R,65,HOU,2233 BCF,30,65,290,39,75,15,1,11,38,16,47,3,3,259,298,425,723,-7,-2,550,305,567,5,84,0.35,28,89,110,66,43,17,40,261,45,4.2,2,52
4837,553869,Diaz,Elias,28,R,2,PIT,1131 CFD,6,128,192,20,49,9,0,6,25,12,34,1,1,257,302,405,707,-15,-8,417,232,479,6,82,0.36,28,82,75,40,45,20,35,259,45,4.15,4,31
5820,656371,Diaz,Isan,23,L,6,MIA,2400 AFF,0,0,30,4,6,1,0,1,3,4,11,1,0,204,300,339,639,-23,-15,747,530,750,12,64,0.38,29,96,110,102,40,20,40,207,25,3.31,-0.6,-9
5430,650490,Diaz,Yandy,27,R,0,TAM,1233 ACB,27,0,299,35,82,14,2,3,27,41,68,2,2,273,360,360,720,-11,-5,513,249,571,12,77,0.6,34,57,126,68,56,23,22,258,45,4.48,-2.5,18
5814,666783,Diaz,Yusniel,22,R,9,BAL,1211 AFF,5,0,121,15,31,4,1,3,12,15,24,3,5,254,338,384,723,-18,-11,698,394,747,11,80,0.63,30,71,123,74,40,20,40,241,45,3.92,-2,38
4396,572816,Dickerson,Corey,30,L,o7,PIT,3355 BAB,80,8,582,78,169,39,7,20,68,30,109,7,3,291,325,482,807,15,17,198,99,277,5,81,0.27,33,108,116,86,40,24,36,284,40,5.57,15.9,58
4269,518618,Dietrich,Derek,29,L,o73,CIN,3021 ABA,6,11,190,27,50,11,2,7,20,14,53,0,0,262,312,441,753,-14,-8,637,336,662,7,72,0.26,33,111,101,102,40,22,38,250,30,4.76,0.9,24
4929,594694,Difo,Wilmer,27,R,45,WAS,1531 ACB,10,0,157,21,39,6,2,3,14,13,32,6,1,246,305,364,668,-16,-9,689,372,735,8,80,0.41,29,65,126,123,48,23,30,261,50,3.81,-1.7,26
5414,641525,Dixon,Brandon,27,R,3o,DET,3321 ACB,9,0,163,20,41,11,1,5,19,7,51,5,2,251,284,417,701,-15,-8,750,548,743,4,68,0.14,34,114,102,92,46,21,33,244,25,3.9,-3,6
3396,518626,Donaldson,Josh,33,R,5,ATL,4235 FBC,70,167,433,70,116,24,1,23,64,77,107,3,1,269,379,487,866,8,10,100,51,165,15,75,0.72,31,126,85,66,44,17,39,261,50,6.43,23.9,60
3960,572821,Dozier,Brian,32,R,4,WAS,4335 AAC,75,0,483,80,125,27,3,25,72,61,111,13,3,260,343,480,823,13,15,138,81,192,11,77,0.55,29,124,103,98,38,18,44,262,45,5.72,21.9,63
5377,641531,Dozier,Hunter,27,R,35,KC,4215 BDC,60,60,502,56,111,31,4,16,48,42,182,4,3,221,282,393,674,-8,-4,601,319,602,8,64,0.23,31,124,101,65,41,22,37,228,25,3.56,-14.6,2
4867,592273,Drury,Brandon,26,R,5,TOR,2123 DCB,24,94,252,24,62,16,1,6,29,20,68,1,1,247,304,386,690,-15,-8,665,341,715,8,73,0.3,32,92,94,50,45,22,32,244,30,3.92,-4.3,11
5475,643289,Dubon,Mauricio,24,R,6,MIL,3431 AFF,11,0,101,11,29,7,1,3,11,1,22,4,4,287,294,463,757,-18,-10,736,304,750,1,79,0.04,34,106,125,112,40,20,40,263,30,4.22,0.8,41
4706,622110,Duffy,Matt,28,R,5,TAM,1345 FDB,65,271,440,45,121,19,2,5,44,36,79,11,5,276,331,359,690,-2,3,571,249,583,8,82,0.46,33,51,121,99,52,24,24,268,45,4.16,-4.3,23
5804,621453,Duggar,Steven,25,L,8o,SF,2415 BFC,60,34,468,55,116,33,6,6,40,42,140,15,9,247,309,380,688,-4,1,570,295,565,8,70,0.3,34,95,130,108,44,23,33,241,30,3.82,-4.5,14
4671,594807,Duvall,Adam,30,R,o7,ATL,4111 ABB,7,0,221,30,50,13,1,10,33,17,67,1,1,224,278,421,699,-13,-8,651,304,681,7,70,0.25,28,126,88,48,31,21,48,236,35,3.78,-5.5,22
3610,502481,Dyson,Jarrod,34,L,o8,ARI,0531 DDC,9,118,124,19,30,4,2,1,9,12,20,10,2,238,303,325,628,-17,-9,676,285,749,9,84,0.58,28,46,140,165,52,20,28,260,55,3.45,-4.4,33
4151,594809,Eaton,Adam,30,L,o9,WAS,2445 FCB,75,215,425,83,126,25,3,9,47,51,83,11,3,297,371,432,803,9,13,204,133,294,11,81,0.61,35,80,131,116,50,23,27,277,50,5.84,14.8,49
2687,453056,Ellsbury,Jacoby,35,L,8,NYY,1441 FDB,10,220,93,14,24,4,1,2,9,9,17,5,1,260,324,391,714,-18,-11,744,574,750,9,82,0.53,30,72,110,112,45,24,31,271,50,4.38,0.7,39
983,429665,Encarnacion,Edwin,36,R,3,SEA,4235 AAB,70,11,536,81,135,18,1,36,108,76,137,3,0,252,345,491,836,18,18,129,56,180,12,74,0.56,27,130,61,62,37,20,43,261,40,5.81,20.4,47
5434,641553,Engel,Adam,27,R,8o,CHW,2503 ACB,30,0,354,40,75,15,4,7,24,20,119,13,7,211,254,332,586,-13,-7,681,315,737,5,66,0.17,30,82,146,140,41,16,42,198,25,2.63,-16.9,-12
5217,640447,Ervin,Phillip,26,R,o79,CIN,2321 ACB,8,0,155,18,37,8,1,5,19,15,41,7,3,241,306,397,703,-16,-8,695,350,739,9,73,0.35,30,96,92,88,34,26,40,245,35,3.94,-2.5,17
3066,444876,Escobar,Alcides,32,R,65,FAA,0323 AAA,24,0,259,29,66,11,1,2,21,13,41,5,2,253,288,334,622,-15,-8,733,329,750,5,84,0.31,29,48,103,85,45,22,32,252,40,3.28,-5.2,18
3909,500871,Escobar,Eduardo,30,B,56,ARI,3145 ABC,65,16,530,67,143,33,3,21,74,48,108,3,3,270,331,464,795,9,11,174,56,242,8,80,0.45,30,110,80,44,33,24,43,270,45,5.27,11.7,49
5666,571657,Farmer,Kyle,28,R,5,CIN,1011 AFF,3,0,98,9,22,6,0,2,9,4,22,0,0,226,257,361,618,-22,-14,750,628,742,4,77,0.18,27,87,87,47,40,20,40,243,40,3.02,-1.3,14
6073,664916,Ferguson,Drew,26,R,,SF,1301 AFF,5,0,90,11,21,3,1,1,7,12,29,2,2,236,323,326,649,-22,-14,0,0,0,11,68,0.4,34,61,124,71,40,20,40,198,25,3.31,-3.6,-18
5648,608654,Field,Johnny,27,R,o79,MIN,3400 ACA,0,0,32,4,7,2,0,1,3,2,9,1,0,226,264,398,663,-23,-15,751,725,725,5,71,0.18,28,112,99,91,38,17,45,232,35,3.45,-1.1,17
5130,605233,Fisher,Derek,25,L,o7,HOU,2500 ACB,0,15,31,3,7,1,0,1,3,3,12,1,0,219,286,381,667,-23,-15,741,546,750,9,61,0.24,32,113,114,103,52,22,26,227,25,3.51,-1.1,-11
5604,664058,Fletcher,David,25,R,45,LAA,0323 ADD,24,0,421,54,113,24,2,1,37,21,53,9,3,267,301,343,645,-5,0,616,326,640,5,87,0.39,30,49,109,92,38,22,40,250,40,3.59,-7.2,33
4211,527038,Flores,Wilmer,27,R,3,ARI,2145 BCA,60,48,543,68,153,33,2,20,81,35,68,2,2,282,325,456,780,11,14,421,170,712,6,88,0.51,29,91,92,48,36,20,44,273,50,5.21,15.9,65
3933,465753,Florimon Jr.,Pedro,32,B,6,ATL,1000 AFF,0,121,33,2,5,0,0,1,3,1,11,0,0,156,182,250,432,-25,-16,0,0,0,3,66,0.09,20,53,114,0,40,20,40,182,35,1.37,-2.8,-53
3333,452095,Flowers,Tyler,33,R,2,ATL,2003 CDB,15,72,367,45,91,16,0,12,48,41,110,0,0,247,323,386,709,-7,-2,457,243,472,10,70,0.37,32,90,68,0,43,21,36,226,25,4.23,8.4,-6
3796,523253,Forsythe,Logan,32,R,4,TEX,1111 CBB,4,92,151,19,37,7,0,2,14,19,37,1,1,243,329,330,660,-19,-12,744,443,750,11,76,0.53,31,59,92,66,46,21,33,231,40,3.65,-2.3,2
3078,451594,Fowler,Dexter,33,B,9o,STL,2423 DCD,33,116,358,55,90,15,4,12,45,50,94,8,2,251,343,411,754,-2,2,601,307,616,12,74,0.53,31,94,121,110,44,20,36,244,40,4.84,4.1,33
5641,641583,Fowler,Dustin,24,L,o8,OAK,2521 CCB,10,93,131,17,34,7,3,3,16,5,30,5,2,261,289,433,722,-16,-9,616,331,603,4,77,0.17,31,97,122,120,43,19,38,255,35,4.22,0.3,33
6054,664034,France,Ty,24,R,,SD,2020 AFF,0,0,32,4,7,2,0,1,5,2,7,0,0,224,273,371,644,-23,-15,747,131,746,6,80,0.33,25,84,96,34,40,20,40,249,45,3.19,-1.3,29
4491,596748,Franco,Maikel,26,R,5,PHI,2245 AAB,65,0,447,50,116,19,1,20,65,29,70,1,0,259,304,443,747,1,5,281,141,373,6,84,0.42,27,94,76,76,47,18,35,273,50,4.65,1.8,50
5297,624428,Frazier,Adam,27,L,4o,PIT,1255 ACA,65,29,502,67,136,28,5,11,53,42,78,9,10,270,327,413,739,4,8,357,204,446,8,85,0.54,30,79,112,68,48,24,29,290,50,4.43,-2.5,52
5481,640449,Frazier,Clint,24,R,o,NYY,3311 FDB,8,125,93,15,25,6,1,3,9,9,28,2,1,266,331,433,764,-19,-11,613,324,656,9,70,0.32,36,110,113,92,38,17,45,226,20,4.93,0.9,21
3391,453943,Frazier,Todd,33,R,5,NYM,3111 CAA,6,54,212,30,47,9,0,10,32,26,57,3,2,223,309,407,715,-13,-7,615,308,631,11,73,0.46,26,108,75,51,35,18,47,233,45,4.02,-3.2,26
3393,518692,Freeman,Freddie,29,L,3,ATL,4255 BAB,80,47,573,93,174,42,4,25,89,73,130,9,3,303,382,522,904,26,27,21,1,32,11,77,0.56,36,129,91,74,35,30,35,292,40,7.28,39.6,64
3162,501896,Freese,David,36,R,53,LA,2013 BCA,18,13,246,27,63,11,0,7,29,26,76,0,1,257,328,384,711,-13,-7,697,374,744,10,69,0.34,35,86,93,1,57,20,23,227,25,4.27,-1.7,-7
5463,571679,Freitas,David,30,R,2,SEA,2011 AFF,4,0,157,12,42,10,1,3,17,13,40,0,0,267,323,404,727,-18,-11,749,570,746,8,75,0.32,34,89,91,0,40,20,40,236,25,4.54,4.9,14
5028,502570,Gale,Rocky,31,R,2,LA,0001 AFF,1,0,132,7,28,5,0,1,10,4,30,0,1,210,231,285,516,-24,-16,0,0,0,3,78,0.12,26,48,101,33,40,20,40,217,40,2.02,-5.9,-14
5675,595956,Gallagher,Cameron,26,R,2,KC,1211 AFF,5,0,190,15,43,9,0,2,23,14,31,1,0,224,275,302,578,-20,-13,735,330,749,7,84,0.44,26,49,66,67,40,20,40,234,50,2.75,-4,10
4690,608336,Gallo,Joey,25,L,o73,TEX,5115 ABC,60,7,501,84,105,22,3,42,89,77,218,4,3,209,314,516,830,11,11,99,39,168,13,57,0.35,26,220,93,59,30,21,49,240,35,5.15,8.6,59
3954,520471,Galvis,Freddy,29,B,6,TOR,2335 AAA,65,0,449,52,114,26,4,13,51,27,98,9,4,254,297,413,710,-1,3,624,312,611,6,78,0.28,30,93,105,89,40,22,38,258,40,4.15,2.4,32
5263,592325,Gamel,Benjamin,27,L,o79,MIL,1321 ACA,7,21,185,26,50,10,3,2,18,19,44,4,2,270,336,392,728,-15,-8,731,326,750,9,76,0.43,34,76,127,103,48,21,31,251,40,4.56,-0.2,25
5966,605244,Garcia,Aramis,26,R,3,SF,1001 AFF,2,0,194,18,37,7,1,4,16,10,58,0,1,192,230,298,528,-23,-16,726,352,750,5,70,0.17,25,70,94,2,40,20,40,209,30,2.13,-8.1,-24
4191,541645,Garcia,Avisail,28,R,o9,TAM,2223 DCF,27,99,383,51,100,16,3,14,53,25,105,3,2,261,307,429,736,-2,3,379,185,488,6,72,0.24,33,100,116,79,51,19,30,251,30,4.49,0.4,19
4615,594824,Garcia,Greg,29,L,4,SD,1331 ADA,8,0,148,18,38,6,1,2,12,22,37,2,1,253,347,339,686,-19,-11,751,700,731,13,75,0.59,33,57,110,79,50,26,23,251,45,4,-0.8,7
5953,666969,Garcia,Jose Adolis,26,R,o,STL,3420 AFF,0,0,66,8,14,3,0,3,9,2,18,1,0,212,231,397,627,-22,-14,0,0,0,2,72,0.09,25,112,112,98,40,20,40,245,40,2.91,-2.5,19
4302,544725,Garcia,Leury,28,B,o78,CHW,1423 FDA,30,145,294,32,78,10,3,5,34,12,78,12,4,264,293,375,668,-7,-1,698,285,736,4,74,0.15,34,66,116,111,51,25,24,252,30,3.76,-7.2,-8
2973,458731,Gardner,Brett,35,L,o78,NYY,2535 AAB,75,0,456,77,117,18,5,13,42,54,94,15,3,258,336,404,740,4,8,385,175,431,11,79,0.57,30,80,137,136,47,20,33,259,45,4.77,2.3,46
5458,641598,Garver,Mitch,28,R,2,MIN,3423 ACC,36,0,245,32,64,17,2,6,36,27,64,1,0,261,333,417,750,-11,-5,440,181,483,10,74,0.41,33,101,103,104,40,22,38,249,35,4.81,9.7,29
4094,594828,Gattis,Evan,32,R,0,FAA,3133 BCB,30,41,253,31,60,12,0,14,44,19,58,1,0,237,291,453,743,-9,-4,676,306,733,7,77,0.33,25,119,52,53,38,18,44,256,40,4.42,-0.7,35
4233,571697,Gennett,Scooter,29,L,4,CIN,3235 AAB,65,14,574,83,165,29,3,23,89,38,127,5,2,287,331,466,797,19,20,91,44,142,6,78,0.3,33,101,97,74,42,22,36,265,30,5.49,21.2,36
3872,502671,Goldschmidt,Paul,31,R,3,STL,4345 AAB,80,0,560,96,167,34,2,28,91,86,152,10,3,298,392,518,910,27,27,19,9,30,13,73,0.57,36,134,96,80,42,23,35,272,35,7.36,40.3,56
4106,543228,Gomes,Yan,31,R,2,WAS,3013 CCC,21,77,355,41,89,18,0,14,46,19,104,0,0,251,288,421,709,-7,-2,224,139,341,5,71,0.18,32,108,80,0,35,23,41,238,30,4.13,7.1,5
2634,460576,Gomez,Carlos,33,R,o9,NYM,3410 CCD,0,68,32,4,7,2,0,1,4,2,10,1,0,222,278,372,650,-23,-15,743,541,749,7,69,0.25,29,100,95,98,37,21,42,223,30,3.43,-1,-1
2834,471865,Gonzalez,Carlos,33,L,o9,CLE,4233 BAB,36,20,345,52,89,24,1,14,48,29,85,2,1,258,315,453,768,-3,1,582,232,665,8,75,0.34,30,120,86,68,48,18,35,268,40,4.9,3.9,41
5323,570481,Gonzalez,Erik,27,R,45,PIT,1435 AFB,65,0,460,54,117,24,3,8,41,16,122,11,3,254,280,373,653,-3,2,693,395,729,3,73,0.13,33,78,122,114,57,21,22,257,35,3.59,-7.9,1
4038,503556,Gonzalez,Marwin,30,B,o7643,MIN,3143 ABF,33,0,373,47,104,25,2,14,51,35,85,4,3,279,341,467,808,0,5,230,139,327,9,77,0.41,33,112,87,55,44,21,35,270,45,5.51,9.7,44
5704,592348,Goodrum,Niko,27,B,43,DET,3425 ACB,70,0,502,63,122,27,5,14,59,42,147,12,5,243,301,402,703,1,5,304,185,406,8,71,0.28,32,102,120,102,44,23,33,247,35,4.04,-11,18
4483,571718,Goodwin,Brian,28,L,o8,KC,4313 FDB,33,155,279,34,66,14,1,12,38,27,91,7,3,238,306,426,732,-9,-3,705,369,735,9,67,0.3,31,122,97,85,41,20,38,235,30,4.32,1.6,16
2270,460086,Gordon,Alex,35,L,o7,KC,2125 CBC,50,48,524,62,126,24,1,14,56,54,138,10,3,239,310,372,682,-1,3,587,308,600,9,74,0.39,30,83,68,57,42,25,33,248,35,3.87,-11.4,2
3827,543829,Gordon,Dee,31,L,48o,SEA,0545 BBC,70,10,629,84,178,17,10,4,36,17,92,46,15,284,303,364,667,18,23,110,67,166,3,85,0.19,33,41,179,202,57,22,21,279,45,3.89,-5.2,35
5611,624503,Gordon,Nick,23,L,6,MIN,0500 AFF,0,0,32,3,7,1,0,0,2,2,7,1,0,230,267,324,591,-24,-15,743,499,750,5,79,0.24,28,56,131,125,40,20,40,227,35,2.88,-1.1,10
4727,605253,Gore,Terrance,28,R,o7,KC,0500 AFF,0,0,63,8,10,1,0,0,1,5,20,5,2,153,212,176,388,-24,-16,748,321,745,7,69,0.24,22,16,127,163,40,20,40,172,35,1.16,-6.5,-58
3984,518735,Grandal,Yasmani,30,B,2,MIL,4025 ABB,55,9,411,56,101,21,2,25,62,65,120,1,1,246,348,489,838,2,5,125,51,182,14,71,0.54,29,146,64,33,41,17,42,255,40,5.73,27.8,48
1161,434158,Granderson,Curtis,38,L,o970,MIA,3225 ABA,60,0,414,68,91,21,2,16,47,62,113,4,2,221,322,394,717,-5,-1,698,371,748,13,73,0.55,27,106,90,65,33,26,42,250,45,4.14,-5.9,31
5327,492802,Graterol,Juan,30,R,2,CIN,0010 AFF,0,0,33,3,8,1,0,0,3,1,3,0,0,238,252,277,529,-24,-15,0,0,0,2,91,0.22,26,27,88,0,40,20,40,236,50,2.34,-1.1,19
4194,544369,Gregorius,Didi,29,L,6,NYY,3253 BAA,39,44,255,40,70,12,2,12,40,17,35,3,2,274,320,473,793,-5,0,419,125,493,6,86,0.49,28,99,107,79,39,20,41,281,55,5.25,9.4,71
5876,606988,Greiner,Grayson,26,R,2,DET,1003 ADA,12,0,400,32,91,21,2,0,46,42,112,0,0,226,300,289,589,-17,-11,584,300,730,10,72,0.38,31,51,90,0,44,23,33,218,30,2.86,-7.1,-23
4536,545341,Grichuk,Randal,27,R,o98,TOR,4225 BCA,65,43,514,71,123,34,2,28,74,30,154,4,2,240,282,477,759,7,8,242,154,356,6,70,0.19,29,150,98,73,37,18,45,254,30,4.46,0.1,42
4305,543257,Grossman,Robert,29,B,o907,OAK,2133 ACA,27,32,323,45,85,20,1,6,37,51,72,2,2,265,366,394,760,-8,-3,719,349,750,14,78,0.72,32,82,95,51,40,25,36,260,50,4.92,3.1,35
5160,642770,Guerra,Javier ,23,L,6,SD,2000 AFF,0,0,33,3,6,1,0,1,3,1,14,0,0,181,216,307,523,-24,-16,0,0,0,4,56,0.1,30,97,133,135,40,20,40,181,20,2.07,-2,-50
5896,665489,Guerrero Jr.,Vladimir,20,R,5,TOR,3155 AFF,70,0,432,51,128,33,1,18,56,44,68,2,2,295,360,501,862,6,10,47,17,91,9,84,0.65,32,114,88,47,40,23,37,296,55,6.45,23.4,75
5184,602115,Guerrero,Gabriel,25,R,o,MIA,1000 AFF,0,0,32,4,8,1,0,1,4,2,9,0,0,249,283,378,662,-23,-15,751,715,715,5,72,0.17,32,80,106,59,40,20,40,224,25,3.57,-0.9,-4
5761,641645,Guillorme,Luis,24,L,5,NYM,1000 AFF,0,0,31,3,7,2,0,0,3,3,6,0,0,235,292,316,608,-24,-16,0,0,0,7,81,0.42,28,53,100,53,40,20,40,229,45,3.04,-1.1,12
5863,666971,Gurriel,Lourdes,25,R,64,TOR,2233 BFC,30,32,420,53,110,22,0,14,57,22,92,5,4,262,298,416,714,0,4,251,143,350,5,78,0.24,30,91,105,73,43,23,34,263,40,4.19,0.2,29
5325,493329,Gurriel,Yulieski,35,R,35,HOU,2355 ACD,75,11,519,69,149,35,1,15,78,25,65,6,2,287,320,442,762,12,14,191,117,322,5,87,0.39,31,86,104,85,44,20,36,282,45,5.04,3.9,61
3718,446386,Guyer,Brandon,33,R,o97,FAA,2020 AFF,0,89,33,4,2,0,0,2,1,1,7,0,0,68,89,205,293,-26,-17,751,747,747,2,80,0.11,3,63,97,0,40,20,40,233,50,0.5,-4.8,4
5401,608597,Guzman,Ronald,24,L,3,TEX,3235 ABA,65,8,440,53,111,20,2,20,56,36,114,2,1,252,308,442,749,0,3,495,238,528,7,74,0.31,30,110,92,64,41,22,37,256,35,4.61,-2,29
4019,576397,Gyorko,Jedd,30,R,5,STL,3123 BCB,27,45,274,37,71,13,1,11,39,32,63,2,1,260,336,436,773,-8,-2,671,331,679,10,77,0.51,30,100,76,60,40,20,39,251,45,5.05,4.4,34
5984,606992,Haase,Eric,26,R,2,CLE,3000 AFF,0,0,65,6,13,3,0,2,8,3,25,0,0,203,243,367,611,-23,-15,749,551,746,5,61,0.14,29,120,102,72,40,20,40,212,25,2.85,-1.2,-16
4284,571740,Hamilton,Billy,28,B,8o,KC,1525 BBA,65,37,538,83,135,21,9,3,33,40,112,48,12,251,303,342,644,11,15,167,82,299,7,79,0.36,31,53,180,220,42,25,34,245,35,3.63,-8.2,29
5935,641658,Hampson,Garrett,24,R,6,COL,1533 AFF,36,0,374,42,99,20,7,6,24,34,75,22,5,265,326,402,728,-3,3,189,113,302,8,80,0.45,32,78,151,166,44,20,36,254,45,4.66,5.3,47
5356,571745,Haniger,Mitch,28,R,o98,SEA,4245 BBA,75,66,524,77,145,33,4,22,72,54,128,7,4,277,344,480,824,13,15,91,54,146,9,76,0.42,33,120,104,77,42,21,37,268,45,5.76,19.5,50
4697,593700,Hanson,Alen,26,B,4o,SF,2521 ADB,10,20,130,17,32,6,2,3,12,6,29,5,2,246,280,392,672,-18,-10,639,350,639,5,78,0.21,29,83,147,144,46,16,38,242,35,3.6,-2.2,32
5506,664023,Happ,Ian,24,B,o8795,CHC,4213 ACC,30,0,390,57,93,19,2,19,54,52,145,8,4,239,330,449,779,0,4,280,156,368,12,63,0.36,33,143,96,75,40,22,38,235,25,4.88,3.4,20
3941,547180,Harper,Bryce,26,L,o98,PHI,5245 BAF,80,44,507,99,134,29,1,35,93,105,148,11,4,264,390,532,921,24,24,18,5,28,17,71,0.71,31,161,93,76,40,21,38,272,45,7.14,39.7,76
3820,543281,Harrison,Josh,31,R,4,DET,2335 CBB,65,70,521,65,141,26,3,16,57,23,96,10,3,270,301,420,721,6,10,530,238,592,4,81,0.24,31,84,107,97,39,23,38,263,40,4.44,3.9,36
5715,669720,Hays,Austin,23,R,9,BAL,1123 AFF,21,8,263,27,70,13,1,4,40,9,54,2,2,266,290,376,665,-11,-5,584,247,635,3,79,0.16,32,67,96,55,56,16,29,247,30,3.68,-6,8
5065,592387,Healy,Ryon,27,R,3,SEA,3023 ABC,24,18,389,42,99,17,1,17,54,19,89,0,0,254,290,434,724,-4,1,433,195,512,5,77,0.22,29,101,89,0,44,19,37,252,35,4.3,-2.4,28
3975,588751,Hechavarria,Adeiny,30,R,6,NYM,1520 CCB,0,89,65,7,15,2,1,1,6,3,13,1,0,226,266,325,591,-23,-14,750,510,747,5,79,0.26,27,57,113,118,43,23,34,244,40,2.89,-2.1,9
4550,595978,Hedges,Austin,26,R,2,SD,3213 BDB,27,12,386,39,94,18,1,18,52,22,112,4,1,244,286,441,727,-4,0,307,158,390,5,71,0.2,30,120,78,67,38,18,43,237,30,4.25,9.2,17
5927,595981,Heineman,Scott,26,R,8,TEX,1200 AFF,0,0,32,4,8,1,0,1,3,2,8,1,1,262,308,374,682,-23,-14,0,0,0,6,75,0.27,33,70,97,73,40,20,40,225,25,3.71,-0.4,0
5334,628338,Heredia,Guillermo,28,R,o87,TAM,1121 ADA,5,0,156,17,37,7,0,3,11,14,26,1,2,240,302,338,640,-20,-13,751,705,749,8,84,0.54,27,57,102,49,46,21,33,253,50,3.27,-4.1,29
5881,641684,Hermosillo,Michael,24,R,o,LAA,3200 AFF,0,0,64,6,13,3,0,2,7,4,24,1,1,209,258,352,609,-23,-15,751,577,741,6,63,0.18,30,100,117,84,40,20,40,206,25,2.7,-3.6,-20
4375,514917,Hernandez,Cesar,29,B,4,PHI,1525 BAB,65,36,511,74,137,16,5,10,44,67,119,16,7,268,353,375,727,5,9,180,116,295,12,77,0.56,33,61,162,133,50,22,28,248,40,4.57,5.9,29
4675,571771,Hernandez,Enrique,27,R,o846,LA,3435 BDC,75,32,484,73,124,26,4,22,56,60,102,4,0,257,338,459,798,5,8,314,101,419,11,79,0.59,28,112,99,101,40,19,41,265,45,5.38,17,59
2814,491676,Hernandez,Gorkys,31,R,o87,BOS,2320 ACA,0,0,64,8,15,4,0,2,6,4,15,2,1,239,287,383,671,-22,-13,749,437,750,6,76,0.28,29,89,102,81,47,18,35,246,40,3.56,-1.1,19
5256,593523,Hernandez,Marco,26,L,4,BOS,2520 AFF,0,337,32,4,9,1,1,1,4,2,8,1,0,262,297,389,687,-22,-14,0,0,0,5,75,0.2,33,73,117,91,40,20,40,228,30,3.94,-0.2,6
5353,606192,Hernandez,Teoscar,26,R,o79,TOR,4313 ACB,33,18,406,60,97,23,5,20,50,36,134,6,6,238,300,464,764,-1,3,368,171,439,8,67,0.27,30,146,145,94,35,20,46,243,30,4.43,-2.1,47
4842,546318,Herrera,Odubel,27,L,o8,PHI,2325 AAB,60,17,476,57,126,22,3,15,52,34,109,8,4,264,313,413,726,2,6,251,136,363,7,77,0.31,32,86,108,85,45,20,35,251,35,4.42,4,25
5841,594011,Herrera,Rosell,26,B,o9,MIA,1331 ACB,8,0,125,13,29,6,2,1,9,11,29,3,2,229,289,313,601,-21,-13,751,677,703,8,77,0.37,29,53,115,82,54,22,24,251,45,2.86,-6.2,3
4212,543302,Herrmann,Chris,31,L,2,OAK,1001 AFF,2,71,116,15,22,2,1,3,14,20,46,0,0,191,313,309,621,-22,-15,715,395,748,15,60,0.44,28,77,111,0,40,20,40,185,30,3.04,-1.5,-32
3311,518792,Heyward,Jason,29,L,o98,CHC,1235 BBB,55,52,434,60,113,20,3,9,51,42,66,5,2,260,324,380,705,-2,3,608,301,583,9,85,0.63,29,66,100,77,49,19,33,266,55,4.24,-2.8,41
4213,543305,Hicks,Aaron,29,B,8o,NYY,4345 DCD,80,97,468,80,120,21,3,27,69,76,105,11,5,256,360,482,842,13,14,123,77,188,14,78,0.72,28,123,104,85,42,20,39,276,55,5.88,24.2,70
4943,543308,Hicks,John,29,R,32,DET,2113 BDA,21,55,319,35,76,14,1,10,33,21,92,3,3,239,286,383,668,-12,-6,356,172,500,6,71,0.23,31,90,94,54,47,20,34,238,30,3.56,1.1,0
5532,543309,Higashioka,Kyle,29,R,2,NYY,1000 AFF,0,0,32,2,5,1,0,1,3,2,9,0,0,160,214,277,491,-25,-16,751,599,599,6,71,0.24,20,76,94,97,40,20,40,216,45,1.81,-1.7,-13
6009,669374,Hiura,Keston,22,R,4,MIL,2420 AFF,0,0,32,4,8,2,0,1,2,2,8,1,0,264,314,429,743,-23,-15,541,185,547,7,76,0.31,32,103,109,99,45,20,35,260,35,4.56,0.4,36
4118,592407,Holaday,Bryan,31,R,2,MIA,1001 AFF,2,26,128,9,27,6,0,3,15,8,31,0,2,211,258,341,599,-22,-14,751,749,749,6,76,0.26,25,81,75,5,40,20,40,233,45,2.66,-3.2,5
4195,571788,Holt,Brock,31,L,46,BOS,1231 DDF,7,140,215,28,56,11,1,4,24,23,46,4,3,262,335,376,710,-13,-7,660,342,672,10,79,0.51,32,69,103,70,52,23,25,265,45,4.22,0.3,23
5391,656555,Hoskins,Rhys,26,R,o7,PHI,4145 AAD,70,10,563,92,143,32,1,39,106,83,146,4,2,253,349,521,870,22,21,39,21,58,13,74,0.57,27,153,76,54,31,20,49,268,45,6.17,23.3,69
3716,543333,Hosmer,Eric,29,L,3,SD,2245 AAF,65,0,589,78,155,28,2,19,79,57,123,6,3,264,329,417,747,10,12,173,128,246,9,79,0.46,31,87,87,63,58,20,22,277,50,4.73,-0.7,32
5992,621529,Hudson,Joe,28,R,2,LAA,1000 AFF,0,0,32,2,7,1,0,1,3,2,10,0,0,222,274,329,603,-24,-16,0,0,0,7,69,0.24,30,72,98,0,40,20,40,209,25,2.95,-0.5,-20
2981,460026,Hundley,Nick,35,R,2,OAK,3123 BDB,27,37,318,34,79,18,1,10,38,22,90,1,1,248,296,405,701,-10,-5,674,309,738,6,72,0.24,32,101,82,44,40,23,37,244,30,4.02,5.4,7
2414,455104,Iannetta,Chris,36,R,2,COL,3013 ADF,21,7,295,35,69,15,1,12,37,45,87,0,0,234,337,414,750,-12,-6,430,230,506,13,70,0.52,29,113,74,0,38,21,41,238,40,4.64,10.5,22
3405,578428,Iglesias,Jose,29,R,6,CIN,1351 CBA,10,55,129,13,33,8,1,2,13,7,17,3,2,253,290,361,650,-19,-11,698,323,749,5,87,0.39,28,65,97,77,48,22,30,279,50,3.49,-1.8,40
4329,542255,Inciarte,Ender,28,L,8o,ATL,1455 AAB,75,26,537,76,152,24,6,12,48,41,76,19,10,282,333,414,747,11,15,140,90,203,7,86,0.54,31,69,131,112,44,24,31,278,50,4.75,2.4,54
6043,623515,Jackson,Drew,25,R,,BAL,3403 AFF,30,0,312,37,64,15,1,10,30,28,101,15,7,205,271,357,628,-11,-6,748,523,749,8,68,0.28,27,102,104,104,40,20,40,223,35,2.97,-9.9,1
5008,608671,Jankowski,Travis,28,L,o987,SD,0521 CDD,8,102,123,16,30,4,1,1,6,13,31,8,3,245,314,325,639,-19,-11,649,225,749,9,75,0.41,32,51,135,140,59,19,21,243,45,3.49,-4.2,2
5754,643376,Jansen,Danny,24,R,2,TOR,2333 AFB,33,0,393,51,100,29,1,10,53,49,76,4,0,254,337,412,749,-4,1,195,95,327,11,81,0.65,29,96,95,99,38,20,42,259,55,4.8,15.6,53
3434,445055,Jay,Jon,34,L,o978,CHW,0143 CCB,24,70,387,59,101,16,2,2,30,21,75,2,2,261,299,333,632,-9,-3,701,375,750,5,81,0.28,32,46,110,60,55,26,19,272,45,3.38,-13.8,4
5806,650391,Jimenez,Eloy,22,R,9,CHW,3045 AFB,60,0,542,69,154,35,3,21,81,36,97,0,2,284,329,479,807,12,14,117,43,189,6,82,0.37,31,108,105,1,41,21,38,278,40,5.53,16.3,60
6046,656582,Joe,Connor,26,R,,SF,3211 AFF,7,0,122,17,30,7,1,4,13,14,36,1,1,242,319,412,731,-19,-11,0,0,0,10,70,0.38,31,111,100,55,40,20,40,238,30,4.35,-0.6,23
2361,430945,Jones,Adam,33,R,o89,ARI,1321 AAB,7,0,226,25,61,11,0,6,27,12,42,2,0,272,308,410,718,-13,-6,361,181,440,5,82,0.29,31,79,88,78,44,19,36,253,40,4.44,-0.1,28
5368,592444,Jones,JaCoby,27,R,o87,DET,3503 ACA,33,30,382,49,81,18,4,10,36,26,136,13,5,211,262,356,618,-9,-4,674,312,671,6,64,0.2,30,100,134,127,46,22,32,225,30,2.96,-14.1,-7
5048,592450,Judge,Aaron,27,R,o9,NYY,5135 CBF,70,69,493,92,135,21,1,37,89,85,179,7,3,274,380,545,925,23,23,16,3,29,15,64,0.47,35,175,78,59,39,23,38,257,30,7.22,39.1,50
4862,628356,Kang,Jung-ho,32,R,5,PIT,2023 AFF,21,49,385,40,91,23,0,11,45,23,74,0,6,235,278,382,660,-10,-5,484,180,673,6,81,0.31,26,86,68,5,40,20,40,251,45,3.3,-14.2,26
5378,608348,Kelly,Carson,24,R,2,ARI,1005 ADA,30,10,427,43,97,16,0,8,46,49,81,0,0,228,307,323,630,-12,-8,490,237,685,10,81,0.6,26,56,71,0,50,17,33,226,50,3.27,-2.3,13
5078,643393,Kemp,Anthony,27,L,o78,HOU,1331 ACB,8,0,187,25,47,8,1,3,17,17,34,7,3,250,314,358,672,-15,-8,694,404,746,9,82,0.51,29,61,109,97,45,24,31,261,50,3.75,-4.7,27
2303,461314,Kemp,Matt,34,R,o79,CIN,4143 BBB,36,31,314,41,89,17,1,15,54,26,80,1,1,283,337,487,824,-1,4,313,143,433,8,75,0.32,34,120,77,40,40,25,35,272,30,5.79,10.6,34
2246,435062,Kendrick,Howie,35,R,4,WAS,1141 FDC,7,206,160,20,47,10,0,3,16,10,31,2,1,292,334,426,760,-15,-8,703,342,745,6,81,0.33,34,82,84,60,56,22,22,282,40,5.02,3.8,27
4955,596146,Kepler,Max,26,L,o98,MIN,3235 ABA,65,0,517,75,128,29,5,22,65,61,101,6,4,246,325,449,774,6,8,233,153,331,10,80,0.6,27,110,103,74,39,17,44,261,55,4.87,6.4,64
5392,571851,Kieboom,Spencer,28,R,2,WAS,0000 AFA,0,0,31,3,7,1,0,0,3,3,7,0,0,217,294,299,593,-24,-16,747,418,748,10,79,0.51,26,52,91,0,41,24,35,238,50,2.86,-0.6,5
4529,595281,Kiermaier,Kevin,29,L,8o,TAM,2525 FCC,70,189,439,61,103,17,8,11,40,37,116,17,6,235,295,388,683,-2,2,345,201,446,8,74,0.32,29,88,138,134,49,18,33,244,35,3.8,-4.5,24
5853,643396,Kiner-Falefa,Isiah,24,R,524,TEX,1253 ABC,33,0,316,35,84,15,1,4,26,24,49,6,4,266,317,362,679,-10,-4,280,110,397,7,85,0.49,30,56,108,78,53,26,21,288,55,3.88,4,32
5732,664068,Kingery,Scott,25,R,6,PHI,2413 ACF,30,0,324,42,78,15,2,10,28,16,79,10,3,240,277,390,667,-8,-3,463,227,473,5,76,0.21,29,89,126,120,34,24,42,241,40,3.62,-5.4,23
2197,435079,Kinsler,Ian,37,R,4,SD,1223 BAC,24,37,404,57,97,17,1,11,41,38,64,11,5,239,304,365,669,-4,1,446,246,479,9,84,0.58,26,68,93,76,35,23,43,254,50,3.64,-6.5,37
3664,543401,Kipnis,Jason,32,L,4,CLE,3235 CBC,65,72,493,63,119,30,2,17,64,51,106,8,2,242,313,411,724,2,5,428,208,474,9,79,0.48,28,100,81,72,36,22,42,257,50,4.34,2.5,39
5091,595284,Knapp,Andrew,27,B,2,PHI,2401 ADD,7,37,151,18,34,7,1,3,14,19,53,1,0,226,314,359,674,-20,-13,748,457,750,11,65,0.36,33,94,118,120,46,23,31,223,25,3.75,1.4,-7
6008,668800,Knizner,Andrew,24,R,2,STL,0010 AFF,0,0,32,3,9,2,0,0,3,2,5,0,0,275,315,367,683,-23,-15,726,377,749,6,84,0.38,31,56,99,0,40,20,40,238,30,4.07,0.6,24
3807,518902,Kozma,Pete,31,R,6,DET,1400 AFF,0,0,65,4,10,4,0,0,3,3,15,1,0,162,204,244,447,-26,-17,0,0,0,5,77,0.22,21,57,114,112,40,20,40,222,50,1.54,-5.2,-2
5834,596012,Kramer,Kevin,25,L,5,PIT,2201 AFF,5,0,96,12,26,6,0,2,9,6,29,2,1,267,309,408,716,-19,-12,744,401,750,6,70,0.2,36,98,103,79,40,20,40,228,20,4.26,0.2,2
3488,456124,Kratz,Erik,39,R,2,MIL,3020 AFF,0,0,62,8,13,1,0,4,5,6,17,0,0,212,281,404,685,-22,-14,747,394,749,9,73,0.36,23,104,79,0,40,20,40,240,40,3.67,0.4,19
4531,600303,La Stella,Tommy,30,L,5,LAA,2251 DFB,10,27,216,24,55,13,0,7,27,22,36,1,0,253,324,409,733,-14,-7,749,585,741,9,83,0.62,28,88,75,77,41,25,34,281,60,4.56,0.3,46
4349,501571,Lagares,Juan,30,R,8o,NYM,1421 FFC,8,269,194,25,52,8,2,2,16,10,37,7,3,270,305,360,665,-14,-7,740,526,750,5,81,0.26,33,53,131,117,50,21,29,254,40,3.77,-2.1,17
5012,534606,LaMarre,Ryan,30,R,o87,CHW,3500 AFF,0,0,32,3,6,2,1,0,2,2,13,1,0,204,260,301,561,-24,-16,0,0,0,7,59,0.18,35,81,111,123,40,20,40,184,15,2.61,-1.5,-49
4704,571875,Lamb,Jacob,28,L,5,ARI,4225 FBC,65,113,487,81,120,24,2,22,82,57,153,4,2,246,325,437,763,9,10,272,162,359,11,69,0.38,31,122,99,64,45,19,35,241,30,4.76,-0.1,25
5947,657656,Laureano,Ramon,24,R,8o,OAK,2515 ADF,65,0,496,68,122,25,4,14,53,48,148,18,5,246,312,398,710,4,8,188,71,318,9,70,0.32,32,98,122,119,42,23,35,239,30,4.23,1.3,15
3818,518934,LeMahieu,DJ,30,R,4,NYY,1243 BAD,30,40,347,50,97,16,1,7,35,27,55,5,3,280,333,398,732,-4,1,268,108,420,7,84,0.5,32,66,105,69,52,23,25,281,50,4.6,4.3,37
4022,506702,Leon,Sandy,30,B,2,BOS,1201 ADD,4,0,222,26,46,10,0,5,23,16,60,1,0,207,261,322,583,-19,-12,734,394,750,7,73,0.27,26,75,67,68,42,20,38,224,40,2.72,-5,-13
5581,0,Lewis,Kyle,23,R,8,SEA,1000 AFF,0,0,61,7,12,3,0,1,7,7,17,0,0,189,267,311,578,-24,-15,750,650,749,10,72,0.38,24,82,96,99,40,20,40,223,45,2.65,-2.9,3
5633,624407,Lin,Tzu-Wei,25,L,6,BOS,2210 AFF,0,0,64,6,19,5,0,1,5,4,16,1,1,292,338,426,764,-21,-13,0,0,0,6,75,0.28,38,91,119,62,40,20,40,241,25,4.95,1.4,25
4528,596019,Lindor,Francisco,25,B,6,CLE,4355 AAA,85,0,526,90,150,31,3,29,70,52,81,18,7,286,350,519,869,23,24,12,3,29,9,85,0.65,29,120,101,91,39,21,40,294,55,6.38,36.3,85
3290,446653,Lobaton,Jose,34,B,2,SEA,3000 AFF,0,22,32,3,8,2,0,1,4,2,10,0,0,250,303,417,719,-23,-15,751,694,694,7,68,0.24,33,111,77,79,40,20,40,229,25,4.33,0.8,1
2805,446334,Longoria,Evan,33,R,5,SF,2235 BAB,60,42,513,58,130,27,4,18,64,31,105,3,1,254,296,430,726,1,5,423,205,491,6,80,0.3,29,98,98,77,41,20,40,262,40,4.35,-2.3,39
5799,670032,Lopez,Nicky,24,L,6,KC,0321 AFF,6,0,93,11,26,3,1,1,8,9,10,2,1,282,345,379,724,-20,-12,746,425,750,9,89,0.88,31,47,124,93,40,20,40,249,50,4.54,1.6,50
5948,664040,Lowe,Brandon,24,L,4,TAM,4223 AFF,33,0,363,53,90,21,2,15,61,45,112,5,2,248,330,440,770,-1,3,530,221,612,11,69,0.4,32,124,101,80,43,22,35,251,30,4.9,4.2,30
6066,663993,Lowe,Nathaniel,23,L,,TAM,3030 AFF,0,0,60,10,17,3,0,3,10,8,14,0,0,278,360,483,843,-20,-12,0,0,0,11,77,0.55,32,116,100,53,40,20,40,262,40,6.08,2.2,55
2890,476704,Lowrie,Jed,35,B,4,NYM,2023 DAC,21,74,360,47,95,19,1,9,43,48,77,0,0,263,349,397,745,-6,-1,318,163,440,12,79,0.62,31,80,101,0,33,25,42,252,45,4.78,2.9,34
3514,518960,Lucroy,Jonathan,33,R,2,LAA,1333 ABD,30,0,406,44,102,19,1,8,50,36,63,1,0,251,311,360,672,-8,-3,312,214,391,8,84,0.57,28,63,83,84,44,23,33,265,50,3.83,4.6,31
5200,608475,Lugo,Dawel ,24,R,4,DET,1551 ACC,12,0,99,10,25,5,1,1,10,3,14,1,0,257,282,346,628,-21,-13,750,593,745,3,86,0.24,29,51,116,95,66,19,15,287,50,3.34,-2.4,28
5665,656669,Luplow,Jordan,25,R,o,CLE,3221 AFC,8,0,187,27,44,9,2,7,21,17,40,2,2,238,301,419,720,-15,-9,711,419,749,8,78,0.42,27,101,112,68,40,17,42,248,50,4.05,-3.1,47
4173,592518,Machado,Manny,26,R,6,SD,3455 AAD,85,0,587,81,167,32,3,32,95,59,100,11,3,285,351,516,867,24,25,18,4,36,9,83,0.59,30,120,114,99,41,18,41,283,45,6.45,32.2,82
4891,543484,Mahtook,Mikie,29,R,o7,DET,3311 ADF,8,46,190,22,43,7,2,7,21,14,57,3,2,228,282,395,676,-17,-10,719,478,748,7,70,0.25,29,100,126,99,42,19,39,229,30,3.61,-5.7,13
5019,571912,Maile,Luke,28,R,2,TOR,0001 AFF,1,59,126,13,26,0,0,0,3,10,36,0,0,204,264,204,468,-25,-17,742,424,750,8,71,0.29,29,0,126,0,40,20,40,167,25,1.73,-6.7,-60
3681,455117,Maldonado,Martin,32,R,2,KC,1003 ACA,12,0,417,40,96,20,1,9,39,25,106,0,1,230,274,348,623,-13,-8,609,271,738,6,75,0.24,29,75,66,1,44,18,37,223,30,3.12,-4.1,-8
5142,641820,Mancini,Trey,27,R,o73,BAL,3135 AAD,60,0,572,70,151,25,4,22,69,40,148,1,1,264,313,435,748,7,9,234,132,321,7,74,0.27,32,100,115,59,53,19,28,257,30,4.69,1.5,26
5159,622534,Margot,Manuel,24,R,8o,SD,2533 BBB,39,42,415,46,105,21,7,9,40,27,76,13,8,254,299,404,703,-4,1,292,134,419,6,82,0.36,29,82,150,126,42,22,37,266,45,3.93,-2.7,52
4259,545350,Marisnick,Jake,28,R,o8,HOU,4401 BFD,9,29,95,16,21,5,0,4,12,7,33,4,1,224,276,423,700,-19,-11,746,446,748,7,66,0.21,29,131,117,119,37,20,44,231,30,3.77,-1.1,19
2196,455976,Markakis,Nick,35,L,o9,ATL,1045 AAB,50,0,520,62,144,33,1,10,70,58,76,1,1,277,350,400,750,4,7,325,139,417,10,85,0.77,31,73,78,40,45,24,31,280,60,4.91,6.6,46
4988,606466,Marte,Ketel,25,B,46,ARI,2555 ABB,85,32,500,64,138,26,8,15,49,44,79,10,3,276,334,447,781,6,9,220,74,322,8,84,0.56,30,89,141,122,49,21,30,288,50,5.25,15.9,69
3977,516782,Marte,Starling,30,R,8o,PIT,2545 ABB,80,9,546,79,155,28,4,17,63,32,111,36,12,285,324,441,766,22,25,38,21,55,6,80,0.29,33,89,133,146,50,20,30,272,35,5.03,14,43
3795,547982,Martin,Leonys,31,L,o8,CLE,2515 DCC,65,97,474,64,115,20,4,15,42,36,125,20,7,243,297,397,694,2,6,385,228,551,7,74,0.29,30,91,129,127,43,17,40,232,30,3.93,-3,22
5185,621006,Martin,Richie,24,R,6,BAL,1413 AFF,27,0,411,49,109,21,5,5,30,31,84,18,10,265,316,375,691,-3,3,678,353,699,7,79,0.37,32,66,136,122,40,20,40,236,30,3.94,-0.3,27
2264,431145,Martin,Russell,36,R,25,LA,2003 BCB,15,24,233,31,49,7,0,8,24,39,69,0,2,209,321,336,658,-17,-11,590,269,634,14,71,0.56,26,78,75,2,50,17,32,213,40,3.35,-0.7,-2
3869,502110,Martinez,J.D.,31,R,0o79,BOS,5355 CBC,90,90,545,100,164,36,3,41,118,67,150,5,1,301,378,602,980,35,34,6,2,12,11,73,0.45,35,177,103,90,41,21,38,292,40,8.32,57,87
5279,500874,Martinez,Jose,30,R,3o9,STL,2053 ACF,30,22,311,40,92,16,1,11,45,29,64,0,1,296,356,462,818,-3,2,230,131,388,9,80,0.46,34,94,97,1,45,26,29,281,40,5.89,11.2,42
5773,605361,Martini,Nick,29,L,o7,OAK,1131 ACB,6,0,121,16,30,5,1,1,13,15,30,1,1,246,329,326,655,-20,-12,706,400,748,11,75,0.5,32,53,99,71,49,28,23,255,45,3.61,-3.6,-3
6056,664029,Mathias,Mark,24,R,,CLE,2410 AFF,0,0,61,8,13,4,0,1,6,7,16,1,0,214,300,340,640,-23,-15,0,0,0,11,74,0.47,27,85,103,96,40,20,40,232,45,3.36,-1.5,18
2213,425772,Mathis,Jeff,36,R,2,TEX,2303 AFF,24,38,255,15,55,17,1,3,15,17,76,1,0,215,265,325,589,-23,-15,748,487,749,6,70,0.23,30,83,83,85,40,20,40,219,35,2.81,-5,-13
2731,457727,Maybin,Cameron,32,R,o789,SF,1431 CCB,9,87,182,23,46,8,2,2,16,22,39,7,3,250,330,353,683,-16,-8,732,464,749,11,79,0.56,31,62,125,108,53,20,26,253,45,3.92,-1.2,25
4798,608577,Mazara,Nomar,24,L,o9,TEX,3135 AAA,60,28,533,63,141,26,2,22,82,45,123,1,1,264,321,446,767,8,10,155,109,206,8,77,0.36,31,104,92,47,52,18,30,262,35,4.94,7.4,36
1171,435263,McCann,Brian,35,L,2,ATL,1003 DDB,12,89,275,17,62,5,0,11,20,31,56,0,2,225,305,368,673,-18,-12,511,278,521,10,80,0.56,24,73,70,2,33,20,47,225,45,3.6,1.3,21
4748,543510,McCann,James,29,R,2,CHW,1103 ACD,15,35,256,21,57,9,1,7,27,16,75,1,1,223,269,347,617,-18,-11,616,297,620,6,71,0.21,29,78,82,43,40,23,37,226,35,3.04,-3.2,-17
6065,663411,McCarthy,Joe,25,L,,TAM,4320 AFF,0,0,60,10,14,4,0,3,8,8,19,1,0,231,320,444,764,-21,-13,0,0,0,12,68,0.41,29,141,98,84,40,20,40,249,40,4.7,-0.1,40
2567,457705,McCutchen,Andrew,32,R,o9,PHI,3225 AAC,60,0,500,71,126,23,3,20,62,78,128,8,7,252,353,432,786,6,8,136,78,209,14,74,0.61,30,105,101,63,41,22,37,254,45,5.04,8.7,41
5752,624512,McGuire,Reese,24,L,2,TOR,1101 AFF,3,0,94,8,20,3,1,2,10,8,24,1,1,217,282,314,596,-22,-14,745,544,746,8,74,0.35,27,57,93,61,40,20,40,214,30,2.85,-1.7,-11
5578,641856,McKinney,Billy,24,L,o7,TOR,4333 BCC,39,55,404,47,95,21,5,18,47,38,104,3,1,234,300,444,744,-6,-1,629,340,611,9,74,0.37,27,121,107,76,36,25,39,265,45,4.41,-2.3,45
5423,641857,McMahon,Ryan,24,L,3,COL,3233 ACF,33,0,412,45,113,26,3,14,55,30,113,6,2,273,322,454,776,1,5,412,172,550,7,73,0.27,35,114,95,76,45,24,32,267,30,5.09,3.9,26
5936,643446,McNeil,Jeff,27,L,4,NYM,1533 AFF,36,0,350,49,97,19,6,6,36,24,47,7,1,277,324,424,747,-4,1,317,143,444,6,87,0.52,31,77,140,139,39,22,40,271,50,4.92,4.2,65
5435,640457,Meadows,Austin,24,L,o9,TAM,3445 ADF,80,0,445,65,116,30,3,15,57,31,86,15,4,260,309,440,749,6,10,186,131,264,7,81,0.37,29,104,118,115,41,22,37,275,45,4.69,3,57
5639,622270,Mejia,Alex,28,R,6,STL,0000 AFF,0,0,33,3,7,0,0,0,3,1,6,0,0,220,251,264,515,-24,-16,0,0,0,4,80,0.2,27,23,98,59,40,20,40,206,40,2.08,-1.9,-22
5182,642336,Mejia,Francisco,23,B,2,SD,4143 AFD,36,0,259,28,65,15,1,13,31,13,54,1,1,251,288,462,750,-11,-5,249,157,357,5,79,0.25,27,117,89,63,54,16,30,275,45,4.51,8.1,48
6038,640458,Mercado,Oscar,24,R,8,CLE,1410 AFF,0,0,31,4,8,2,0,0,2,3,6,2,1,252,307,344,652,-23,-14,712,413,749,7,80,0.4,30,60,120,122,40,20,40,233,35,3.5,-0.6,20
4113,474568,Mercer,Jordy,32,R,6,DET,2245 BBA,65,14,535,61,139,34,2,12,58,43,100,2,1,259,314,399,713,0,3,686,358,726,7,81,0.43,30,84,95,66,43,25,32,276,50,4.3,5.3,38
5270,593160,Merrifield,Whit,30,R,4o8,KC,2545 ABC,80,0,601,83,176,39,4,13,61,45,107,36,10,292,341,433,774,23,27,30,15,47,7,82,0.42,34,83,116,124,37,27,36,272,40,5.36,20.2,46
3855,519023,Mesoraco,Devin,31,R,2,NYM,1000 FFC,0,240,61,6,14,2,0,2,8,7,15,0,0,231,306,380,686,-22,-14,709,362,741,10,75,0.44,27,88,80,0,38,19,43,228,45,3.86,0.8,17
1203,425877,Molina,Yadier,36,R,2,STL,2155 BBB,65,31,449,51,122,23,0,15,67,27,62,5,3,273,314,422,736,3,7,140,72,188,6,86,0.44,29,80,66,46,42,23,35,280,55,4.58,14.7,42
5210,660162,Moncada,Yoan,24,B,4,CHW,3405 ACA,60,21,513,73,125,23,6,17,54,65,193,14,8,243,329,411,740,4,7,155,109,224,11,62,0.34,35,117,133,103,40,21,38,215,20,4.42,-1.3,8
5089,609275,Mondesi,Adalberto,23,B,6,KC,3515 BDB,70,33,587,79,150,29,11,16,66,25,175,39,8,256,286,427,713,18,21,41,13,80,4,70,0.14,34,106,142,174,44,20,36,240,30,4.25,5,18
6083,664238,Moore,Dylan,26,R,,SEA,3530 AFF,0,0,64,8,16,4,1,2,7,4,13,3,1,250,293,426,720,-21,-13,750,438,698,6,80,0.3,29,102,121,119,40,20,40,263,40,4.09,-0.8,51
1770,434778,Morales,Kendrys,36,B,0,TOR,3035 AAA,55,11,431,51,109,17,0,21,64,45,96,1,2,252,322,441,764,1,4,558,267,571,9,78,0.46,28,104,54,19,46,19,35,257,45,4.78,3.4,31
4843,592567,Moran,Colin,26,L,5,PIT,1031 BCC,5,56,221,24,59,9,1,5,31,17,50,0,1,268,321,385,707,-13,-7,584,300,639,7,77,0.35,33,69,106,2,45,27,28,262,35,4.21,-1.9,13
3562,519048,Moreland,Mitch,33,L,3,BOS,3235 BBA,65,0,430,59,105,24,2,19,67,46,107,1,0,245,318,441,759,0,3,589,258,572,10,75,0.43,28,115,64,64,44,20,37,263,50,4.75,-0.2,33
5340,621559,Moroff,Max,26,B,4,CLE,2301 AFF,6,0,120,15,23,6,0,3,15,16,37,2,0,194,287,340,627,-21,-14,751,669,669,11,70,0.43,25,97,87,93,40,20,40,227,45,3.17,-3.8,7
3118,489149,Morrison,Logan,31,L,30,FAA,3011 DCF,5,97,123,17,29,4,0,6,17,13,33,0,0,236,307,425,732,-18,-11,738,369,750,9,74,0.39,27,108,54,55,36,19,45,238,35,4.38,-0.5,18
5211,600301,Motter,Taylor,29,R,o,MIN,1000 AFF,0,22,31,3,5,1,0,1,3,3,9,0,1,153,221,283,504,-25,-16,751,678,716,8,73,0.32,18,82,98,63,40,20,40,226,45,1.72,-2.4,3
3654,519058,Moustakas,Mike,30,L,5,MIL,3045 CCB,60,146,505,60,133,28,0,28,78,39,85,2,2,263,316,482,798,9,11,140,74,185,7,83,0.45,27,115,64,34,36,19,45,274,50,5.21,15.2,60
5900,656775,Mullins II,Cedric,24,B,8o,BAL,1435 ADA,65,0,443,61,107,23,2,7,37,33,85,13,6,242,294,354,648,-5,0,0,0,0,7,81,0.39,28,68,119,100,52,18,30,257,45,3.42,-9.6,29
4908,571970,Muncy,Max,28,L,35,LA,4125 ADF,60,0,411,68,102,18,2,24,63,65,128,3,3,249,352,475,827,5,7,116,57,190,14,69,0.51,30,137,84,46,37,20,43,246,35,5.58,10,40
5786,622168,Munoz,Yairo,24,R,645o,STL,2241 ACB,9,12,125,16,33,7,1,3,16,11,27,3,2,262,322,404,727,-17,-10,545,258,567,8,79,0.42,31,84,99,75,54,22,23,274,50,4.39,1.6,30
3013,502517,Murphy,Daniel,34,L,4,COL,3255 DBD,75,76,476,71,150,34,2,22,77,34,56,4,1,315,361,536,896,18,21,72,36,231,7,88,0.6,32,114,86,72,35,26,39,311,55,7.19,31.1,85
4454,571974,Murphy,John,28,R,2,ARI,2000 AFB,0,0,64,4,14,3,0,2,6,4,19,0,0,211,254,332,586,-23,-15,745,496,748,5,71,0.19,27,79,82,0,36,20,44,210,30,2.72,-1.4,-17
6019,669221,Murphy,Sean,24,R,2,OAK,4040 AFF,0,0,32,5,8,3,0,1,4,2,7,0,0,249,302,419,721,-23,-15,690,369,746,7,79,0.36,29,107,104,108,40,20,40,265,40,4.33,0.8,50
5035,608596,Murphy,Tom,28,R,2,COL,3201 BFF,6,74,129,12,31,7,2,3,14,7,51,1,1,238,277,401,678,-20,-12,663,327,719,5,61,0.14,36,122,101,68,38,20,42,208,20,3.65,0.8,-18
4091,571976,Myers,Wil,28,R,o57,SD,4435 FBA,80,81,494,68,125,32,2,19,63,50,145,18,3,253,321,444,765,9,12,105,57,143,9,71,0.34,32,123,107,111,42,24,34,259,35,4.98,5.5,34
5153,571980,Naquin,Tyler,28,L,o9,CLE,1235 DDC,55,101,449,62,119,19,2,12,54,27,113,6,4,264,306,394,700,1,5,691,315,750,6,75,0.24,33,79,105,72,52,23,26,260,30,4.09,-4.8,8
5316,553882,Narvaez,Omar,27,B,2,SEA,1033 ADC,21,0,389,39,105,17,0,8,33,53,80,0,2,271,359,377,736,-9,-3,291,182,481,12,79,0.67,32,64,68,1,43,26,30,256,45,4.66,13.6,15
5607,647304,Naylor,Josh,22,L,3,SD,1030 AFF,0,0,61,8,17,3,0,2,8,7,9,0,1,275,348,405,753,-21,-13,750,652,747,10,85,0.74,30,69,87,43,40,20,40,253,45,4.82,0.1,43
4119,502117,Negron,Kristopher,33,R,o,SEA,2400 AFF,0,0,32,3,6,1,0,1,2,2,14,1,0,194,239,298,537,-24,-16,751,736,741,6,56,0.13,32,85,99,73,40,20,40,176,20,2.19,-2.5,-65
5597,0,Neuse,Sheldon,24,R,5,OAK,0000 AFF,0,0,32,2,7,1,0,0,3,2,12,0,0,228,265,311,576,-24,-16,0,0,0,5,62,0.13,36,68,105,83,40,20,40,184,10,2.73,-1.7,-56
5505,621028,Newman,Kevin,25,R,6,PIT,0343 ACA,30,0,258,31,63,13,1,1,19,14,36,8,4,246,286,319,605,-15,-8,696,421,738,5,86,0.41,28,47,113,94,55,20,25,271,60,2.99,-7.6,29
4773,607043,Nimmo,Brandon,26,L,o987,NYM,4335 CCC,75,73,499,74,130,30,6,19,60,79,154,7,5,261,363,458,820,7,9,174,97,244,14,69,0.52,34,126,123,82,44,23,33,256,35,5.6,21.4,44
6085,543592,Nola,Austin,29,R,,SEA,1000 AFF,0,0,31,3,7,2,0,0,3,3,8,0,0,212,276,279,555,-24,-16,0,0,0,8,75,0.36,28,51,92,94,40,20,40,211,35,2.52,-0.9,-12
3578,456488,Nunez,Eduardo,32,R,45,BOS,1443 BBC,36,21,262,32,74,14,2,6,28,10,35,6,3,281,307,425,732,-8,-2,483,194,468,4,87,0.28,30,77,123,106,51,18,31,281,45,4.57,2.9,54
5062,600524,Nunez,Renato,25,R,5,BAL,2403 ACB,27,19,316,36,76,16,1,10,36,24,84,1,0,241,295,390,685,-11,-6,587,297,595,7,73,0.28,30,94,101,102,40,16,44,223,30,3.87,-5.9,15
4870,598284,O Brien,Peter,28,R,3,MIA,4203 AFF,27,0,302,36,50,8,0,18,55,38,142,1,0,166,259,371,630,-14,-10,634,307,634,11,53,0.27,23,158,68,69,40,20,40,200,35,2.95,-16.2,-18
5731,656811,O Hearn,Ryan,25,L,3,KC,3115 ABA,50,0,431,48,94,26,2,15,57,45,141,1,1,218,293,392,685,-8,-5,401,190,460,10,67,0.32,29,118,88,46,38,20,42,230,35,3.72,-13.9,11
5402,641933,O Neill,Tyler,24,R,o9,STL,4403 ABD,33,22,343,60,82,15,2,18,62,31,136,6,1,240,303,451,754,1,4,368,193,450,8,60,0.23,34,148,103,99,32,22,45,216,20,4.63,1.8,9
4576,596059,Odor,Rougned,25,L,4,TEX,3225 BAD,60,32,573,85,141,26,4,25,76,39,145,10,10,246,294,437,731,11,13,124,54,177,6,75,0.27,29,110,96,63,42,18,40,250,35,4.1,-1.2,31
5743,660271,Ohtani,Shohei,24,L,0,LAA,4345 ADA,80,26,430,70,121,28,3,25,77,46,130,6,3,282,351,537,888,14,16,177,60,388,10,70,0.35,35,159,112,83,44,23,33,278,30,6.61,25.7,61
5060,621566,Olson,Matt,25,L,3,OAK,4225 ABD,65,0,541,79,137,31,0,32,81,71,159,2,0,253,340,488,828,12,13,110,78,237,12,71,0.45,30,145,77,78,37,19,44,254,40,5.69,14.6,46
4818,449181,Orlando,Paulo,33,R,o,LA,1000 AFF,0,82,33,3,7,1,0,1,3,1,9,0,0,204,236,329,565,-24,-15,0,0,0,4,73,0.15,25,79,105,107,40,20,40,225,40,2.5,-2,-3
4236,542364,Ortega,Rafael,28,L,o9,ATL,0520 AFF,0,0,61,9,14,2,2,0,5,7,8,2,0,232,313,325,638,-22,-14,751,654,654,11,87,0.89,26,46,146,152,40,20,40,242,65,3.53,-2,51
5524,591741,Osuna,Jose,26,R,3,PIT,2140 ADA,0,0,64,8,16,4,0,2,8,4,13,1,1,251,294,420,714,-21,-13,750,606,748,6,80,0.3,29,100,78,46,49,21,29,277,50,4.08,-0.7,37
4223,572008,Owings,Christopher,27,R,o9,KC,2433 CCC,36,104,357,42,93,23,2,9,35,17,80,13,4,261,295,408,704,-4,1,634,323,737,5,77,0.21,32,91,110,107,40,25,35,262,40,4.13,-3.5,27
4356,542303,Ozuna,Marcell,28,R,o7,STL,2235 AAF,60,11,541,68,153,20,3,25,84,37,113,2,1,282,328,470,798,14,16,79,36,119,6,79,0.33,32,100,100,69,46,19,36,266,35,5.46,13.1,42
5457,594953,Palka,Daniel,27,L,o097,CHW,4113 ACA,27,0,346,45,83,12,3,18,49,28,118,2,3,239,295,445,740,-5,-1,336,171,443,7,66,0.23,31,129,105,48,46,16,38,231,30,4.28,-1.9,15
4661,605412,Panik,Joe,28,L,4,SF,1345 DBC,65,98,474,54,131,22,3,6,42,36,46,5,1,277,329,376,704,-2,3,649,290,699,7,90,0.8,30,53,105,92,46,22,32,277,60,4.38,2.8,51
6053,670623,Paredes,Isaac,20,R,,DET,1020 AFF,0,0,60,8,19,4,0,1,9,8,10,0,0,313,392,450,842,-20,-12,751,573,730,11,83,0.77,36,83,94,96,40,20,40,258,40,6.61,4.3,52
4707,592620,Parker,Jarrett,30,L,7,LAA,4210 DDA,0,109,61,9,14,3,0,3,7,7,23,1,1,227,302,436,738,-21,-13,751,587,745,10,62,0.28,31,142,112,66,51,17,33,236,25,4.2,-0.7,18
3242,467827,Parra,Gerardo,32,L,o7,SF,1245 CCD,60,83,447,58,126,22,2,9,58,29,83,9,5,281,325,395,720,4,8,675,328,735,6,81,0.35,33,67,80,59,48,24,28,269,40,4.46,0,17
2755,456665,Pearce,Steve,36,R,30,BOS,4043 FDF,33,125,244,36,66,15,1,12,39,28,50,0,0,271,346,482,829,-7,-2,616,271,629,10,80,0.57,30,117,91,0,42,20,38,275,45,5.84,8.7,62
4377,592626,Pederson,Joc,27,L,o78,LA,4145 BCF,70,50,426,67,109,26,2,24,58,50,110,4,5,255,333,497,829,5,8,349,191,427,10,74,0.45,29,141,83,44,42,18,40,269,45,5.45,10.8,57
2411,456030,Pedroia,Dustin,35,R,4,BOS,1143 FCF,27,225,247,32,73,13,0,5,30,25,31,2,2,294,359,409,768,-9,-2,628,278,638,9,87,0.81,32,65,92,50,49,21,29,273,55,5.2,7.1,50
4533,506747,Pena,Francisco,29,R,2,STL,1000 AFF,0,0,33,2,7,1,0,1,2,1,8,0,0,203,233,308,540,-24,-16,751,683,748,4,77,0.17,24,63,81,84,40,20,40,223,40,2.32,-1.2,-8
2549,452254,Pence,Hunter,36,R,o7,TEX,2331 FCD,9,122,160,18,42,8,1,5,21,10,35,2,1,261,303,412,715,-16,-9,726,288,750,6,78,0.28,31,87,110,82,53,18,29,261,40,4.26,-0.9,29
4640,444482,Peralta,David,31,L,o7,ARI,3355 CCC,80,118,505,71,145,25,6,21,67,39,106,5,2,287,338,487,824,12,15,136,78,198,7,79,0.37,33,109,114,88,52,20,28,285,35,5.84,17.6,54
4779,606299,Peraza,Jose,25,R,6,CIN,1545 ABC,75,0,587,72,163,23,5,15,51,25,76,27,11,278,308,409,717,14,18,97,61,146,4,87,0.33,30,67,127,124,39,24,37,271,45,4.35,6.6,50
4821,542208,Perez,Carlos,28,R,2,BAL,2020 AFF,0,31,64,6,15,2,0,3,8,4,14,0,0,232,277,389,667,-22,-14,0,0,0,6,78,0.29,26,86,77,0,40,20,40,240,40,3.58,0.3,17
4122,541650,Perez,Hernan,28,R,4o956,MIL,1423 ACA,30,0,291,33,75,11,2,9,30,15,61,11,3,259,296,402,699,-8,-1,442,223,475,5,79,0.25,30,78,119,116,44,20,36,250,35,4.1,-0.6,26
5939,605421,Perez,Michael,26,L,2,TAM,1001 BFC,2,32,224,18,52,12,1,3,23,14,58,0,2,231,275,326,601,-19,-12,735,335,750,6,74,0.24,30,65,115,4,37,21,42,218,30,2.87,-4,-3
4681,547379,Perez,Roberto,30,R,2,CLE,2203 BFC,21,78,333,32,64,17,2,6,43,41,118,2,0,192,280,314,594,-18,-13,714,374,750,11,65,0.35,28,89,70,72,50,16,34,208,30,2.81,-6.7,-25
4611,607054,Peterson,Jace,29,L,o57,BAL,1320 ACA,0,0,30,4,6,1,0,1,3,4,7,1,0,217,316,329,645,-23,-15,750,666,729,13,77,0.63,26,66,88,71,55,16,29,240,55,3.35,-0.8,15
2865,463610,Petit,Gregorio,34,R,4,FAN,0000 AFF,0,0,32,3,7,1,0,0,2,2,7,0,0,211,248,261,509,-24,-16,0,0,0,5,77,0.22,27,34,86,70,40,20,40,207,35,2.1,-2.4,-26
4765,502054,Pham,Thomas,31,R,o87,TAM,3435 CCF,75,57,480,90,131,20,5,22,66,64,141,18,7,273,359,476,835,17,19,61,38,95,12,71,0.46,34,120,130,117,48,24,28,266,40,5.92,18.5,43
4306,572033,Phegley,Joshua,31,R,2,OAK,1001 AFF,2,177,125,8,23,5,2,2,13,11,41,0,0,185,248,311,559,-24,-16,721,325,750,8,67,0.26,26,83,101,0,40,20,40,210,35,2.41,-4.1,-17
5074,621433,Phillips,Brett,25,L,o8,KC,4501 ACD,10,0,93,12,21,4,2,3,10,9,37,2,0,225,293,389,682,-21,-13,699,351,748,9,60,0.24,34,116,135,127,45,22,33,216,25,3.78,-1,-7
4438,607680,Pillar,Kevin,30,R,8o,TOR,2345 AAA,70,35,557,69,144,40,2,15,58,21,97,15,5,258,286,415,701,6,10,329,189,414,4,83,0.22,29,93,96,90,39,23,37,271,45,4.05,-1.4,43
3875,444489,Pina,Manny,32,R,2,MIL,2231 ADB,8,22,160,19,42,8,0,5,17,10,34,1,0,261,306,407,713,-16,-9,585,270,584,6,79,0.3,30,84,76,78,37,24,39,256,35,4.33,4.1,20
4997,640461,Pinder,Chad,27,R,o74,OAK,3213 BDB,27,57,285,38,72,13,1,12,29,21,84,3,2,252,303,433,735,-9,-4,532,162,592,7,71,0.25,31,112,111,74,43,19,38,240,30,4.39,-0.5,21
4772,517369,Pirela,Jose,29,R,4o7,SD,1141 ADF,7,0,96,10,23,5,1,2,8,6,19,1,1,238,286,372,658,-21,-13,724,461,749,6,80,0.33,28,77,89,66,51,22,28,270,45,3.52,-1.9,22
4599,572039,Piscotty,Stephen,28,R,9o,OAK,3145 ABC,65,32,527,72,140,35,1,23,80,51,116,4,4,266,331,469,800,11,13,153,111,202,9,78,0.45,30,118,82,46,46,21,34,281,50,5.27,12.5,51
4471,608700,Plawecki,Kevin,28,R,2,CLE,2031 BDC,6,46,218,28,53,15,1,5,29,20,46,0,1,242,307,386,693,-15,-9,659,340,742,9,79,0.45,29,89,91,2,50,18,33,259,50,3.91,3,33
4403,570256,Polanco,Gregory,27,L,9o,PIT,3333 BBC,36,59,370,53,95,22,3,15,54,38,81,11,2,257,326,451,778,2,6,255,124,391,9,78,0.47,29,111,94,92,38,20,42,261,45,5.12,7.2,50
4672,593871,Polanco,Jorge,25,B,6,MIN,1235 ACA,55,0,568,57,154,31,5,11,58,44,104,11,9,271,323,402,725,4,8,214,131,322,7,82,0.42,32,75,105,72,35,26,39,261,45,4.37,6.7,35
3951,572041,Pollock,A.J.,31,R,8o,LA,3355 FDA,80,245,539,83,145,34,3,24,78,39,112,14,3,269,318,480,799,17,18,112,60,149,7,79,0.35,30,119,102,97,45,20,35,282,40,5.35,18.9,58
4751,592647,Pompey,Dalton,26,B,o7,TOR,2401 AFF,7,182,93,12,20,5,0,2,9,9,30,4,1,219,286,325,611,-21,-13,749,563,750,9,68,0.29,30,77,106,107,40,20,40,209,30,3.08,-3.1,-15
3180,457763,Posey,Buster,32,R,2,SF,1245 BBD,60,44,490,58,137,27,1,8,61,54,65,4,1,280,352,389,741,2,7,142,47,187,10,87,0.84,31,63,83,65,46,23,31,276,60,4.86,19.6,44
2240,445988,Prado,Martin,35,R,5,MIA,1041 FCC,6,254,193,20,55,11,1,2,23,11,24,0,0,286,326,388,714,-15,-8,741,456,747,6,88,0.48,32,59,89,46,49,21,30,271,50,4.49,-0.1,38
4177,595777,Profar,Jurickson,26,B,653,OAK,2355 DCB,75,0,494,67,121,28,3,16,60,50,83,8,1,245,314,409,723,2,5,122,68,191,9,83,0.6,27,90,102,98,44,22,33,277,65,4.4,3.3,56
4319,624577,Puig,Yasiel,28,R,9o,CIN,4355 CCB,85,49,493,72,134,23,3,31,77,51,109,15,6,272,340,520,860,18,20,74,31,161,9,78,0.46,29,133,97,87,45,19,35,283,50,6.12,23.8,68
570,405395,Pujols,Albert,39,R,30,LAA,2143 BAB,30,44,413,46,103,16,0,18,64,29,56,2,0,250,300,418,718,-1,2,551,282,557,7,86,0.53,25,84,54,55,43,20,38,275,60,4.3,-5.7,45
4494,596451,Quinn,Roman,26,B,o8,PHI,1511 AFB,8,0,126,16,32,5,3,1,10,10,35,10,3,253,308,353,661,-17,-9,589,258,609,7,73,0.29,34,61,165,188,52,20,28,234,30,3.69,-1.7,5
5772,606019,Quiroz,Esteban,27,L,4,SD,4030 AFF,0,0,30,5,7,1,0,2,6,4,8,0,0,241,320,460,779,-22,-14,0,0,0,10,74,0.43,27,126,96,57,40,20,40,258,45,4.77,0.6,46
1215,434670,Ramirez,Hanley,35,R,3,CLE,3031 CBF,7,30,216,28,52,10,0,10,30,22,48,1,1,242,311,426,737,-13,-7,696,246,749,9,78,0.45,27,103,73,32,45,21,35,265,50,4.37,-0.9,35
6071,623912,Ramirez,Harold,24,R,,MIA,2320 AFF,0,0,65,7,19,5,0,1,8,3,14,2,0,292,324,428,751,-20,-12,0,0,0,5,79,0.22,35,90,73,73,40,20,40,251,25,5.07,0.9,20
4455,608070,Ramirez,Jose,26,B,5,CLE,4455 AAC,90,167,570,101,164,43,5,33,96,76,72,28,7,288,371,554,925,35,35,4,1,10,12,87,1.05,28,134,107,110,37,21,42,311,70,7.38,46.6,114
3490,467092,Ramos,Wilson,31,R,2,NYM,2033 DCF,24,114,411,42,105,22,1,11,53,31,77,0,0,255,308,392,700,-6,-1,128,58,182,7,81,0.41,29,80,62,0,56,19,26,264,50,4.13,8.3,24
4489,592663,Realmuto,Jacob,28,R,2,PHI,4345 ABA,80,20,509,72,143,30,4,24,70,35,110,7,3,281,327,498,825,13,16,47,10,80,6,78,0.32,32,121,116,91,43,21,36,280,35,5.71,32.8,60
3312,502210,Reddick,Josh,32,L,o97,HOU,2333 CCF,33,61,401,58,106,17,3,14,51,41,66,6,2,265,333,422,755,1,5,531,264,535,9,84,0.62,29,82,114,96,37,20,43,255,50,4.89,5,54
5079,607223,Reed,A.J.,26,L,3,HOU,4011 ACA,6,0,125,16,29,6,1,6,22,11,42,0,0,233,295,446,741,-18,-11,734,509,748,8,66,0.26,30,136,70,0,36,18,46,230,30,4.37,-1.5,13
5086,605439,Reed,Michael,26,R,o7,ATL,3410 AFF,0,30,30,5,9,2,0,1,3,4,10,1,0,297,386,447,833,-22,-14,0,0,0,13,66,0.42,43,112,92,71,40,20,40,223,20,6.17,1.4,8
5670,595373,Reinheimer,Jack,26,R,o7,BAL,1300 AFF,0,0,32,3,7,1,0,1,2,2,8,1,1,204,250,302,552,-24,-15,751,724,724,6,75,0.24,26,62,120,111,40,20,40,219,40,2.32,-1.7,-2
5344,573113,Renda,Tony,28,R,4,BOS,0410 AFF,0,0,32,4,9,2,0,0,2,2,6,1,0,277,316,397,713,-23,-15,0,0,0,5,81,0.29,33,76,99,94,40,20,40,248,35,4.45,0.3,27
4346,543685,Rendon,Anthony,29,R,5,WAS,3255 BAC,75,13,577,94,172,45,2,24,98,69,96,6,2,298,373,508,881,25,26,43,21,70,11,83,0.72,32,117,95,76,34,22,44,283,50,6.87,37.8,79
5083,592669,Renfroe,Hunter,27,R,o79,SD,4233 BCB,36,48,416,59,104,23,2,25,76,26,114,3,1,251,295,496,791,6,8,191,132,313,6,72,0.23,29,144,86,68,38,19,43,262,40,4.97,4.6,45
6049,650859,Rengifo,Luis,22,R,,LAA,1521 AFF,9,0,93,15,23,4,2,1,10,9,16,4,2,246,316,364,680,-19,-11,734,438,750,9,82,0.58,29,65,132,113,40,20,40,244,45,3.69,-1.4,42
3609,519184,Revere,Ben,31,L,7,TEX,0010 AFF,0,30,33,3,7,1,0,0,2,1,3,0,0,206,231,303,534,-24,-16,751,552,723,3,91,0.36,22,47,113,117,40,20,40,254,65,2.28,-2.4,44
5880,614177,Reyes,Franmil,23,R,9o,SD,4033 ADD,30,0,369,51,95,16,1,19,55,39,111,1,1,257,327,459,786,-1,3,221,126,362,9,70,0.35,32,123,73,38,49,21,30,255,30,5.12,7.2,21
5981,622569,Reyes,Pablo,25,R,o,PIT,1411 AFF,7,0,160,17,39,8,1,2,13,10,34,5,3,244,289,354,643,-18,-11,729,294,750,6,79,0.29,30,67,131,110,40,20,40,235,35,3.3,-6.3,22
5790,622682,Reyes,Victor,24,B,o708,DET,0533 AFD,33,0,264,38,64,10,4,1,19,8,53,11,3,243,264,320,584,-13,-6,749,510,738,3,80,0.15,30,46,139,142,51,26,23,264,45,2.88,-10,5
2639,448602,Reynolds,Mark,35,R,3,COL,4010 ACB,0,19,61,9,16,3,0,3,11,7,19,0,0,268,346,482,827,-20,-12,729,386,748,11,70,0.39,33,133,80,81,41,20,39,248,25,5.83,1.9,32
5140,572073,Rickard,Joey,28,R,o97,BAL,2423 BDC,33,92,252,31,61,14,1,7,23,20,58,6,2,243,300,386,686,-13,-7,746,472,748,8,77,0.35,29,87,116,102,36,23,40,244,40,3.9,-4.2,29
5533,595375,Riddle,J.T.,27,L,6,MIA,1135 DDA,50,104,482,49,117,19,5,13,57,28,99,2,3,242,283,383,665,-5,-1,713,410,748,5,80,0.28,28,78,114,43,51,21,28,265,45,3.54,-6.1,27
5587,663586,Riley,Austin,22,R,5,ATL,4021 AFD,7,0,94,13,25,6,0,4,14,8,30,0,0,265,325,451,776,-19,-11,654,325,720,8,68,0.28,35,124,96,98,38,22,40,242,25,5.11,1.6,20
5776,621458,Rios,Edwin,25,L,3,LA,4000 AFF,0,0,32,4,8,2,0,1,4,2,13,0,0,259,298,408,705,-23,-15,751,619,731,5,58,0.13,42,127,95,1,40,20,40,204,10,4.11,-0.6,-25
5056,592680,Rivera,Yadiel,27,R,56,MIA,1500 AFF,0,0,65,5,11,2,0,1,4,3,21,1,0,166,207,228,435,-25,-16,0,0,0,5,68,0.16,24,44,121,81,40,20,40,188,35,1.43,-5.4,-45
3784,519203,Rizzo,Anthony,29,L,3,CHC,3155 AAB,70,9,572,85,162,33,2,28,103,74,90,7,4,284,365,496,861,23,24,37,12,64,11,84,0.82,30,111,70,49,39,23,38,292,60,6.36,25.9,72
5490,621002,Robertson,Daniel,25,R,46,TAM,2023 DDB,21,106,304,43,75,16,1,9,34,36,83,2,4,248,329,392,721,-10,-4,622,297,607,11,73,0.44,31,91,99,47,51,18,31,241,40,4.21,0.3,17
5055,592685,Robinson,Drew,27,L,o8,STL,4200 AFF,0,16,31,4,7,2,0,1,3,3,15,1,1,237,304,416,720,-23,-15,751,726,741,9,51,0.19,43,156,104,60,40,20,40,192,10,3.76,-0.4,-22
5167,645302,Robles,Victor,22,R,o,WAS,3545 AFC,85,0,474,66,132,33,6,14,44,36,86,25,12,279,331,462,792,10,15,98,50,153,7,82,0.42,32,103,134,132,37,21,42,267,45,5.12,13.7,66
5584,663898,Rodgers,Brendan,22,R,6,COL,2010 AFA,0,0,65,6,17,3,0,2,6,3,14,0,0,256,293,414,706,-22,-14,584,173,611,5,78,0.24,29,90,106,60,42,20,38,250,35,4.05,0.2,29
5181,500135,Rodriguez,Ronny,27,R,6,DET,1311 ACA,6,0,163,18,41,8,1,4,18,7,35,2,1,254,286,396,681,-17,-10,746,493,748,4,78,0.21,30,82,120,82,45,17,38,243,35,3.79,-0.8,26
2895,446481,Rodriguez,Sean,34,R,4,PHI,4210 AFF,0,148,31,3,6,1,0,2,4,3,12,1,1,194,256,389,645,-23,-15,751,744,744,8,61,0.21,25,130,85,67,40,20,40,216,30,2.85,-1.7,-9
6051,668670,Rogers,Jake,24,R,,DET,2400 AFF,0,0,62,8,12,2,0,2,8,6,21,1,0,196,265,361,626,-23,-15,751,692,744,9,66,0.28,25,107,102,97,40,20,40,222,35,3.07,-0.7,1
4569,500743,Rojas,Miguel,30,R,635,MIA,1241 BDD,8,70,192,22,50,8,1,3,19,12,26,2,1,261,303,355,657,-16,-9,670,360,719,6,87,0.45,29,53,93,68,50,23,27,275,55,3.67,-4.7,30
3751,519222,Romine,Austin,30,R,2,NYY,2221 AFC,7,0,223,24,52,11,0,6,32,15,55,1,0,235,282,361,643,-15,-9,636,321,696,6,75,0.26,29,79,66,67,47,21,31,242,40,3.41,-0.3,-2
5336,602922,Rondon,Jose,25,R,0,CHW,3221 ADA,8,0,162,13,38,8,1,6,14,8,45,2,2,234,269,401,670,-19,-12,750,621,743,5,72,0.17,29,102,111,69,44,20,36,244,35,3.43,-2.6,16
5389,642708,Rosario,Amed,23,R,6,NYM,1535 ACB,70,0,582,78,156,26,9,12,57,30,130,27,12,269,305,404,709,13,16,143,85,221,5,78,0.23,33,78,158,154,50,21,29,261,35,4.17,3.5,32
4835,592696,Rosario,Eddie,27,L,o7,MIN,3335 ABB,70,1,546,79,154,29,3,25,69,32,111,9,4,283,323,486,808,16,18,84,45,120,6,80,0.29,32,111,113,90,39,20,41,268,35,5.5,14,55
6037,660688,Ruiz,Keibert,20,R,2,LA,1030 AFF,0,0,32,3,8,1,0,1,3,2,3,0,0,239,277,353,630,-23,-15,740,405,749,5,90,0.56,24,57,102,1,40,20,40,258,60,3.23,-0.2,50
5387,547004,Ruiz,Rio,25,L,5,BAL,1113 AFF,18,0,257,30,61,12,1,4,30,15,49,1,1,237,280,339,620,-15,-9,750,646,749,6,81,0.31,28,61,83,57,40,20,40,236,40,3.17,-10.3,10
4573,608365,Russell,Addison,25,R,6,CHC,2331 BBA,9,55,188,23,45,10,1,6,21,16,46,2,1,239,300,391,691,-16,-9,638,297,620,8,75,0.35,29,93,107,86,41,23,36,253,40,3.93,-0.2,26
4869,573135,Saladino,Tyler,29,R,6,MIL,1301 CDF,5,85,95,10,21,3,1,2,9,7,26,2,1,224,278,355,633,-22,-14,749,541,750,7,73,0.27,28,78,119,108,41,22,37,232,35,3.24,-2.1,5
4541,596142,Sanchez,Gary,26,R,2,NYY,4135 CCC,65,92,461,69,110,20,0,30,75,49,130,3,1,238,310,478,788,7,9,54,16,99,10,72,0.37,26,140,64,51,45,17,38,259,40,4.96,20.9,40
4292,570560,Sanchez,Yolmer,27,B,5,CHW,1325 ABB,55,0,539,59,131,28,7,7,53,39,129,11,7,243,294,361,655,-3,1,598,262,605,7,76,0.3,31,74,117,86,47,22,31,250,40,3.47,-11.5,14
4517,593934,Sano,Miguel,26,R,5,MIN,4303 CCD,30,93,331,46,75,16,1,18,52,43,135,1,0,228,316,438,754,-6,-2,259,74,436,11,59,0.32,32,152,83,84,41,18,41,219,25,4.58,0.8,9
3406,467793,Santana,Carlos,33,B,3,CLE,3245 AAB,70,0,550,87,143,35,2,24,88,96,86,4,1,260,370,462,832,14,15,197,108,309,15,84,1.11,27,108,77,64,41,18,41,278,65,5.91,18.2,78
4625,570267,Santana,Domingo,26,R,o9,SEA,4315 BCD,65,85,459,60,118,26,1,18,60,51,179,9,4,258,333,439,771,4,7,231,129,519,10,61,0.29,38,134,103,82,48,26,27,241,20,4.97,5,4
5528,623993,Santander,Anthony,24,B,9o,BAL,1421 AFF,8,136,98,9,21,4,1,2,9,4,18,1,0,213,240,340,580,-22,-14,749,514,749,3,82,0.2,24,69,110,93,40,20,40,246,50,2.64,-5.5,26
4944,594988,Schebler,Scott,28,L,o9,CIN,4133 CCA,33,68,250,31,62,12,1,13,31,22,65,2,1,247,309,453,762,-10,-5,437,178,525,8,74,0.34,29,119,79,55,48,19,33,263,40,4.68,0.6,33
4264,570731,Schoop,Jonathan,27,R,4,MIN,4145 BAD,70,25,524,74,142,29,1,28,81,20,116,2,1,271,298,489,787,13,15,182,135,268,4,78,0.17,30,122,71,49,44,20,36,276,40,5.08,13.6,40
4800,656941,Schwarber,Kyle,26,L,o7,CHC,4115 DDF,55,178,440,69,104,16,2,28,63,70,150,3,2,236,341,473,814,4,6,206,65,330,14,66,0.47,29,146,81,52,41,18,41,241,40,5.33,9.7,34
5730,643524,Schwindel,Frank,27,R,3,KC,2030 AFF,0,0,65,6,16,4,0,2,9,3,10,0,0,243,280,410,690,-22,-14,750,641,750,5,84,0.32,26,95,90,49,40,20,40,271,50,3.81,-1.8,51
4794,608369,Seager,Corey,25,L,6,LA,3255 FBC,75,154,466,69,134,29,3,18,61,44,96,3,1,288,349,481,830,9,12,87,50,155,9,79,0.45,33,110,96,75,45,25,30,290,45,6,26.6,53
3854,572122,Seager,Kyle,31,L,5,SEA,3133 AAC,30,0,346,40,83,21,1,15,49,28,73,2,1,241,298,442,740,-7,-2,338,139,487,8,79,0.39,26,114,72,46,33,21,45,261,45,4.39,-1.2,45
4157,516416,Segura,Jean,29,R,6,PHI,1445 BAB,70,33,577,81,169,26,4,11,51,35,80,22,10,294,334,411,745,15,19,64,35,105,6,86,0.44,33,63,132,115,53,19,28,276,50,4.82,14,48
4431,543760,Semien,Marcus,28,R,6,OAK,2325 CAA,60,81,556,79,139,30,2,16,65,56,126,12,4,250,319,395,714,7,9,223,140,319,9,77,0.45,30,87,106,91,39,21,39,245,45,4.28,5.3,31
5507,669222,Senzel,Nick,24,R,8,CIN,3333 CFF,36,0,366,51,103,24,2,14,49,42,90,13,6,281,355,469,824,4,9,206,92,331,10,75,0.46,34,115,99,85,42,22,36,266,40,5.77,17.2,46
5970,622046,Shaw,Chris,25,L,o7,SF,4001 ACC,5,0,128,12,29,7,1,5,16,8,49,0,0,226,270,413,683,-20,-13,732,368,750,6,61,0.16,32,134,88,89,40,20,40,220,25,3.69,-3.5,-7
4918,543768,Shaw,Travis,29,L,54,MIL,4235 AAC,70,0,484,69,124,25,1,28,80,60,115,6,1,257,339,488,827,11,13,95,48,137,11,76,0.52,28,129,71,66,38,19,43,265,45,5.73,17.2,53
5550,642423,Sierra,Magneuris,23,L,o8,MIA,0531 AFC,9,0,196,19,46,7,2,1,12,8,43,7,3,234,265,298,563,-19,-11,739,485,749,4,78,0.19,30,41,158,141,56,25,19,260,45,2.57,-9.4,2
4049,592743,Simmons,Andrelton,29,R,6,LAA,1455 BAA,75,47,607,71,170,31,4,11,73,39,56,13,3,280,324,400,724,11,15,225,121,330,6,91,0.69,29,63,117,107,51,19,30,285,65,4.63,11.5,63
5394,642082,Sisco,Chance,24,L,2,BAL,2103 ADC,18,0,341,40,77,16,0,8,35,33,108,1,1,227,296,345,642,-14,-8,522,249,711,9,68,0.31,31,82,86,46,44,11,45,189,20,3.34,-1.1,-16
5574,596103,Slater,Austin,26,R,o73,SF,2311 BDA,7,59,157,17,42,8,1,3,18,13,45,3,1,266,324,382,706,-16,-9,719,298,748,8,72,0.3,36,78,111,92,51,20,29,236,25,4.29,-0.8,0
5388,642086,Smith,Dominic,24,L,3,NYM,3121 ABC,7,0,160,17,38,9,0,7,18,10,46,1,0,236,280,418,698,-17,-10,724,301,749,6,72,0.21,29,114,58,59,42,22,36,250,40,3.94,-4,8
5557,596105,Smith,Dwight,26,L,o,BAL,1321 AFF,7,0,91,9,22,7,0,1,10,11,18,2,1,239,318,368,686,-21,-13,0,0,0,10,80,0.59,28,83,107,88,40,20,40,251,50,3.89,-2,43
4961,607345,Smith,Kevan,31,R,2,LAA,1021 BFC,4,50,192,18,47,9,0,3,22,12,33,0,0,242,286,333,619,-18,-11,679,312,692,6,83,0.35,28,55,78,0,60,18,22,247,45,3.21,-1.4,12
5095,605480,Smith,Mallex,26,L,o897,SEA,1535 CCC,70,110,558,81,160,26,9,5,44,54,125,49,16,286,348,393,741,20,25,105,44,180,9,78,0.43,36,64,155,175,51,23,26,260,40,4.87,11.9,28
6036,669257,Smith,Will,24,R,2,LA,4400 AFF,0,0,62,8,12,3,0,3,8,6,23,1,0,199,264,372,636,-22,-14,0,0,0,8,64,0.24,26,119,98,104,40,20,40,220,30,3.18,-0.5,-1
3266,475253,Smoak,Justin,32,B,3,TOR,4025 ABD,55,0,507,67,123,28,0,27,76,71,150,0,1,243,336,460,796,5,7,235,159,346,12,70,0.47,29,134,66,0,37,21,42,251,40,5.17,6.1,35
4680,519295,Smolinski,Jacob,30,R,o,TAM,3000 AFF,0,211,62,9,13,1,0,3,6,6,27,0,0,206,281,397,677,-22,-14,0,0,0,9,56,0.24,30,136,90,93,40,20,40,203,25,3.62,-1.6,-18
3961,500208,Solarte,Yangervis,31,B,54,SF,2043 CBC,27,107,255,27,64,11,0,11,30,17,37,1,1,250,296,417,713,-12,-6,630,326,633,6,86,0.45,26,86,68,25,42,20,38,269,55,4.13,-0.3,46
4721,624585,Soler,Jorge,27,R,o9,KC,3215 FDC,55,200,484,62,118,27,0,19,67,60,154,4,1,244,327,420,747,2,5,350,188,455,11,68,0.39,32,117,79,62,43,19,38,234,25,4.64,1.9,14
5882,665742,Soto,Juan,20,L,o7,WAS,4345 AFF,80,0,517,93,150,32,1,24,92,95,122,7,2,289,400,496,896,22,23,33,16,50,16,76,0.78,34,121,105,86,52,18,30,276,45,7.13,36.7,67
4584,519306,Souza,Steven,30,R,o9,ARI,4315 FCD,65,109,457,59,111,24,3,19,61,53,155,12,3,243,321,434,755,3,6,319,161,431,10,66,0.34,32,126,107,99,42,21,37,238,30,4.7,3.4,20
4739,605486,Spangenberg,Cory,28,L,45,MIL,2421 DDB,9,166,158,18,38,7,2,4,13,12,53,4,2,243,298,397,696,-18,-11,715,385,749,7,66,0.23,34,101,131,111,50,25,25,245,30,3.94,-1.1,2
4363,543807,Springer,George,29,R,o89,HOU,3235 CAC,65,24,516,97,139,24,1,24,71,62,124,6,5,270,349,459,808,15,16,61,37,92,11,76,0.5,31,108,109,72,49,18,34,264,45,5.49,20.2,47
5294,607732,Stallings,Jacob,29,R,2,PIT,1010 AFF,0,0,65,7,15,4,0,1,7,3,16,0,1,223,255,320,575,-23,-15,751,748,748,4,75,0.17,29,71,100,33,40,20,40,227,40,2.54,-1.8,-2
3373,519317,Stanton,Giancarlo,29,R,0o97,NYY,5235 BAF,75,23,575,99,153,31,1,42,107,71,186,4,1,267,347,542,890,26,25,22,9,35,11,68,0.38,32,171,85,71,43,18,39,265,30,6.55,33.9,57
5216,605490,Starling,Bubba,26,R,8,KC,1400 AFF,0,66,31,3,7,2,0,0,2,3,6,1,0,229,308,286,593,-24,-15,751,634,749,10,80,0.57,29,45,105,115,40,20,40,222,45,3.07,-1,10
4443,545358,Stassi,Max,28,R,2,HOU,2001 BFB,3,47,217,25,47,10,0,6,22,21,72,0,0,215,286,341,627,-18,-12,645,282,684,9,67,0.3,29,87,80,0,54,19,27,218,30,3.16,-1.9,-19
5656,664057,Stevenson,Andrew,25,L,o,WAS,1300 AFF,0,0,62,7,13,2,0,1,5,6,18,2,1,212,276,300,576,-23,-15,751,720,720,8,72,0.31,28,57,109,89,40,20,40,207,30,2.54,-3.2,-17
5468,621514,Stewart,Christin,25,L,o7,DET,3115 ACB,50,0,455,56,107,19,4,17,68,55,128,1,1,235,317,405,722,-2,1,392,139,461,11,72,0.43,29,102,99,51,38,19,44,233,40,4.25,-4.8,23
5997,621466,Stewart,D.J.,25,L,o,BAL,1201 AFF,4,0,123,14,25,6,0,3,13,13,33,3,1,204,280,335,614,-21,-13,686,386,742,9,73,0.39,25,83,82,64,40,20,40,228,40,2.94,-6.5,4
5042,596115,Story,Trevor,26,R,6,COL,5435 BBF,85,74,565,84,153,37,5,34,97,47,182,18,5,270,325,533,858,25,26,17,8,33,8,68,0.26,34,167,113,111,34,21,45,257,25,6.03,33.9,56
5998,664702,Straw,Myles,24,R,o,HOU,0501 AFF,6,0,92,13,23,3,1,0,4,10,21,10,2,244,317,293,610,-19,-10,734,473,750,10,77,0.46,32,32,133,166,40,20,40,204,35,3.46,-1.9,-6
5861,596117,Stubbs,Garrett,26,L,2,HOU,1510 AFF,0,0,63,9,15,3,1,1,6,5,14,1,0,242,297,343,640,-22,-14,750,569,744,7,78,0.36,30,63,118,124,40,20,40,231,35,3.51,0.1,16
6001,657017,Sturgeon,Cole,27,L,9,BOS,1500 AFF,0,0,32,3,7,1,0,1,3,2,8,1,0,231,276,332,609,-23,-15,0,0,0,6,74,0.25,29,64,109,106,40,20,40,219,30,3.1,-1.3,-4
4583,553993,Suarez,Eugenio,27,R,5,CIN,4135 AAC,65,18,577,86,155,26,2,31,95,69,158,4,3,268,346,480,826,19,19,54,28,80,11,73,0.44,32,123,85,52,39,24,37,263,40,5.71,20.1,38
4371,491696,Sucre,Jesus,31,R,2,BAL,1221 DFC,6,127,98,9,26,4,0,3,12,4,18,1,0,261,291,388,679,-20,-12,0,0,0,4,81,0.23,29,70,76,78,43,21,36,250,40,3.92,1.3,14
2568,435559,Suzuki,Kurt,35,R,2,WAS,2053 ADD,30,0,289,35,79,18,0,12,44,17,39,0,0,273,314,458,772,-6,-1,326,145,430,6,87,0.45,28,99,50,0,37,21,42,280,55,5.05,13.2,54
5129,621020,Swanson,Dansby,25,R,6,ATL,1315 ACB,50,16,461,55,108,21,3,10,55,49,115,8,4,235,309,358,667,-5,-1,478,244,493,10,75,0.43,29,75,114,90,45,21,34,240,45,3.66,-4.2,16
4813,596119,Swihart,Blake,27,B,2o,BOS,2311 DFD,7,132,126,16,28,6,1,3,12,10,35,3,1,227,286,345,631,-20,-12,611,290,628,8,72,0.3,29,77,106,96,44,22,34,233,35,3.28,-0.6,-1
5375,606132,Tapia,Raimel,25,L,o,COL,3541 ACC,13,0,195,26,56,12,4,5,18,9,38,7,1,288,321,476,797,-11,-4,584,270,599,5,81,0.25,34,104,142,147,46,20,34,278,40,5.53,5.1,59
5746,665487,Tatis Jr.,Fernando,20,R,6,SD,3421 AFD,10,0,188,35,45,10,1,7,17,16,56,6,2,242,303,422,725,-13,-7,0,0,0,8,70,0.29,31,115,121,109,40,25,35,251,35,4.24,1.6,27
5636,643565,Tauchman,Mike,28,L,o,COL,2230 AFF,0,0,31,4,8,2,0,1,4,3,6,1,1,258,319,437,756,-23,-14,746,504,747,8,80,0.44,30,98,115,64,40,20,40,260,45,4.3,-0.1,50
5975,607333,Taylor,Beau,29,L,2,OAK,0000 AFF,0,0,30,3,6,1,0,0,3,4,11,0,0,199,282,278,560,-24,-16,0,0,0,10,64,0.32,30,60,99,100,40,20,40,187,20,2.51,-0.9,-43
4699,621035,Taylor,Chris,28,R,6o87,LA,3425 ACC,70,0,527,79,132,34,7,15,62,51,161,9,4,251,316,428,744,5,8,218,129,327,9,70,0.32,33,117,142,110,37,25,37,244,30,4.54,5.7,34
4713,572191,Taylor,Michael,28,R,8o,WAS,3503 ADD,33,0,252,34,60,13,2,7,22,20,87,11,4,236,292,384,676,-11,-5,573,222,584,7,65,0.23,33,103,126,125,47,20,33,227,30,3.68,-3.5,-2
5199,642133,Tellez,Rowdy,24,L,3,TOR,4241 ABF,11,0,125,14,32,8,0,6,17,11,28,2,1,254,314,461,775,-17,-10,640,326,660,8,78,0.4,28,121,88,74,40,22,38,275,45,4.93,0.6,52
5775,642136,Thaiss,Matt,24,L,3,LAA,2020 AFF,0,0,32,3,7,2,0,1,3,2,7,0,0,232,275,373,649,-24,-15,745,351,747,6,77,0.26,28,84,107,69,40,20,40,242,40,3.32,-1.4,21
3804,519346,Thames,Eric,32,L,o93,MIL,5323 CCC,39,58,240,46,60,13,3,14,41,32,82,4,1,249,337,504,841,-5,0,512,253,541,12,66,0.39,32,162,98,94,36,21,44,251,30,5.83,8.7,48
5784,624636,Tocci,Carlos,23,R,o8,TEX,1501 AFF,7,41,93,9,22,4,2,0,6,9,20,4,2,240,309,320,629,-22,-13,751,713,713,9,78,0.45,31,49,164,144,40,20,40,219,40,3.25,-2.5,21
5319,592808,Toles,Andrew,27,L,o,LA,2010 AFF,0,144,33,4,8,2,0,1,4,1,9,0,0,252,277,372,649,-23,-15,736,484,744,3,73,0.13,33,80,106,61,40,20,40,227,25,3.42,-1.1,-2
4995,605509,Tomlinson,Kelby,29,R,4,ARI,0201 AFF,3,31,191,11,43,1,0,0,7,13,59,5,5,227,275,232,507,-22,-14,0,0,0,6,69,0.21,33,5,113,78,40,20,40,166,15,1.96,-13.3,-72
5498,620443,Torrens,Luis,23,R,2,SD,0000 AFF,0,0,32,2,6,1,0,0,2,2,9,0,0,177,227,215,442,-25,-16,0,0,0,6,71,0.22,24,28,107,59,40,20,40,184,35,1.49,-2,-48
5653,650402,Torres,Gleyber,22,R,46,NYY,4225 AFA,65,22,546,72,147,27,3,26,94,66,151,10,6,269,348,471,819,17,18,63,16,109,11,72,0.44,33,120,106,77,35,23,42,251,35,5.59,22.4,41
5615,593527,Torres,Ramon,26,B,5,KC,1210 AFF,0,0,65,6,13,3,0,1,4,3,12,1,1,200,239,295,534,-24,-16,0,0,0,5,82,0.29,23,58,105,78,40,20,40,238,50,2.21,-4.7,18
5036,591720,Torreyes,Ronald,26,R,4,MIN,0000 AFF,0,0,65,5,13,2,0,0,4,3,9,0,0,206,245,237,482,-25,-16,750,584,749,5,87,0.38,24,23,128,0,40,20,40,220,50,1.87,-4.6,15
4827,581527,Travis,Devon,28,R,4,TOR,2253 FDC,36,169,260,32,66,16,2,8,32,12,48,4,2,254,286,415,701,-11,-5,682,301,734,4,81,0.24,29,92,98,80,46,22,32,278,50,4.02,-1.2,40
5206,607752,Travis,Sam,25,R,o,BOS,1000 AFF,0,0,32,3,8,1,0,1,3,2,9,0,0,238,286,324,610,-23,-15,751,598,742,6,73,0.25,31,56,91,33,40,20,40,208,25,3.04,-1.7,-21
5701,624431,Trevino,Jose,26,R,2,TEX,0011 AFF,2,0,97,7,19,3,1,1,6,5,16,0,1,201,242,277,519,-25,-16,751,598,598,5,83,0.32,23,43,96,3,40,20,40,229,50,2.08,-4.2,8
3857,545361,Trout,Mike,27,R,8o,LAA,5455 BAB,95,61,524,112,162,28,4,40,90,122,135,27,4,308,438,606,1044,41,41,1,1,4,19,74,0.9,35,167,114,116,34,21,45,281,45,9.98,84.1,104
3529,444432,Trumbo,Mark,33,R,0,BAL,3315 DBC,60,87,506,67,124,18,0,24,69,38,135,1,0,246,299,423,722,4,6,549,277,597,7,73,0.28,29,102,80,81,43,19,38,241,30,4.29,-3.3,15
5736,663656,Tucker,Kyle,22,L,o7,HOU,2333 AFA,33,0,252,37,65,13,2,8,40,20,57,7,3,259,314,417,731,-7,-1,296,162,413,7,77,0.36,31,92,112,96,37,24,39,255,35,4.43,-1.2,34
4791,605512,Tucker,Preston,28,L,o7,ATL,0000 AFF,0,52,34,2,7,1,0,0,2,0,4,0,0,203,214,275,490,-25,-16,750,537,727,1,88,0.13,23,42,92,0,40,20,40,243,55,1.89,-2.8,20
2417,453064,Tulowitzki,Troy,34,R,6,NYY,2021 FDC,5,306,219,28,57,9,0,9,30,19,44,0,0,260,320,430,751,-12,-6,500,226,702,8,80,0.44,29,93,84,0,44,19,37,253,45,4.75,5,37
3349,457759,Turner,Justin,34,R,5,LA,4255 DBC,80,80,458,73,141,34,1,22,68,52,69,4,1,307,378,530,907,15,18,108,68,163,10,85,0.76,32,120,77,64,32,24,44,294,55,7.36,35.7,81
4949,607208,Turner,Trea,26,R,6,WAS,2535 BAB,75,71,594,96,163,29,7,18,66,52,120,47,9,275,333,440,774,28,30,8,3,25,8,80,0.44,32,91,168,199,49,18,33,267,45,5.32,23.4,60
2711,457708,Upton,Justin,31,R,o7,LAA,4225 AAD,65,10,550,85,143,27,1,30,92,62,179,7,4,260,335,477,812,17,18,100,66,151,10,67,0.35,33,138,90,64,40,21,39,247,25,5.42,13.3,30
5198,620446,Urena,Richard,23,B,6,TOR,1010 AFF,0,0,33,3,7,1,0,1,3,1,7,0,0,208,241,324,565,-24,-15,751,572,738,4,80,0.22,25,67,119,61,40,20,40,237,45,2.39,-1.6,18
5741,649966,Urias,Luis,22,R,4,SD,1335 ADB,60,0,456,67,123,24,4,9,36,54,102,4,2,270,347,400,748,-2,3,435,134,441,11,78,0.53,33,78,123,88,50,22,28,262,45,4.83,11.4,33
4726,570482,Urshela,Giovanny,27,R,5,NYY,0000 AFF,0,37,33,3,8,2,0,0,3,1,6,0,0,232,265,317,582,-24,-15,0,0,0,4,83,0.26,27,53,104,0,40,20,40,236,45,2.79,-1.7,16
4683,543877,Vazquez,Christian,28,R,2,BOS,1223 FDD,24,68,350,39,82,16,1,3,27,24,68,5,1,233,283,308,591,-14,-8,572,298,592,6,81,0.36,28,49,85,76,47,24,29,253,45,2.94,-5.4,2
5983,623205,Velazquez,Andrew,24,B,5o,TAM,2500 AFF,0,0,32,4,7,1,0,1,3,2,11,2,0,223,269,354,623,-23,-15,0,0,0,6,65,0.18,32,86,135,161,40,20,40,205,25,3.29,-0.7,-16
5161,657077,Verdugo,Alex,23,L,o,LA,2243 ACB,33,0,313,36,86,17,1,9,32,27,46,5,3,276,334,419,754,-7,-1,483,220,523,8,85,0.6,30,78,97,69,48,19,33,272,50,4.85,3.5,51
4358,542340,Villar,Jonathan,28,B,4,BAL,2525 BBD,70,36,561,72,143,22,2,16,56,51,171,43,10,255,318,389,707,16,20,81,38,155,8,70,0.3,34,85,112,129,56,20,25,245,30,4.34,2.7,-2
5968,650619,Viloria,Meibrys,22,L,2,KC,0000 AFF,0,0,32,2,7,1,0,0,2,2,10,0,0,204,250,257,507,-25,-16,745,448,750,6,69,0.2,29,37,91,48,40,20,40,186,25,2.04,-1.4,-54
5329,596129,Vogelbach,Daniel,26,L,3,SEA,4023 ACB,27,0,234,28,56,10,0,13,36,38,61,0,1,241,346,444,790,-11,-6,691,331,744,14,74,0.62,27,117,56,1,42,20,38,250,45,5.08,2.2,36
5634,572228,Voit,Luke,28,R,3,NYY,4143 ACB,36,0,310,41,81,17,1,16,48,30,82,1,1,263,327,487,814,-4,1,178,80,294,9,73,0.36,31,132,99,51,41,24,35,274,40,5.47,6.4,49
2492,458015,Votto,Joey,35,L,3,CIN,3255 BAF,75,14,536,88,161,32,1,24,83,110,106,3,1,301,420,500,920,20,22,67,38,108,17,80,1.04,34,111,79,61,39,28,33,294,60,7.65,42.5,69
5520,642180,Wade,Tyler,24,L,4,NYY,1301 AFF,5,0,94,10,21,4,1,1,6,8,25,2,2,223,284,313,597,-22,-14,751,663,742,8,74,0.33,29,59,117,82,40,20,40,215,30,2.71,-5.6,-5
4775,572233,Walker,Christian,28,R,3,ARI,4411 AFF,10,3,162,20,36,10,2,5,21,8,55,1,0,219,254,389,643,-18,-11,705,324,749,4,66,0.14,30,116,96,98,40,20,40,227,30,3.24,-7.6,-2
3171,435522,Walker,Neil,33,B,345,MIA,1113 CCC,18,92,303,40,71,11,2,8,38,37,70,1,1,235,319,363,682,-12,-6,608,302,723,11,77,0.53,28,74,94,49,37,23,40,239,45,3.83,-8.5,18
5694,595453,Wallach,Chad,27,R,2,MIA,1001 AFF,2,0,123,13,22,4,0,2,10,13,49,0,1,177,253,252,505,-24,-16,749,501,749,9,61,0.26,28,61,82,2,40,20,40,176,25,1.91,-6.2,-64
5891,621493,Ward,Taylor,25,R,5,LAA,2213 AFA,24,0,241,27,58,9,0,9,29,31,61,4,1,240,327,387,714,-13,-6,710,342,748,11,75,0.51,29,86,82,72,35,21,44,232,40,4.27,-1.7,17
4839,621563,Wendle,Joe,29,L,45,TAM,1445 ABC,70,28,476,63,128,29,6,8,58,34,82,13,4,269,318,404,722,4,8,213,139,336,7,83,0.42,31,78,110,100,45,22,32,270,50,4.49,4.3,42
5050,643603,White,Tyler,28,R,30,HOU,3023 ACB,24,0,339,43,87,17,1,15,53,35,81,1,1,256,325,445,770,-4,1,265,177,405,9,76,0.43,30,109,78,41,39,19,42,251,45,4.9,3.9,35
3120,446308,Wieters,Matt,33,B,2,STL,1021 FCB,4,70,154,16,36,6,0,5,19,16,31,0,0,234,307,367,674,-19,-12,650,325,654,9,80,0.52,26,74,77,1,37,22,41,245,50,3.7,1.2,23
5910,592859,Wilkerson,Steve,27,B,4,BAL,2020 AFF,0,50,32,4,7,2,0,1,3,2,8,0,1,204,245,355,600,-24,-15,751,742,750,5,74,0.21,24,94,95,12,40,20,40,239,45,2.49,-1.7,13
4799,608384,Williams,Nick,25,L,o9,PHI,3231 ABB,9,0,224,30,58,9,2,9,28,14,65,2,2,259,303,444,747,-11,-5,597,295,621,6,71,0.22,33,109,119,76,46,24,30,258,30,4.54,-0.3,21
5046,607776,Williamson,Mac,28,R,o7,SF,3223 CDB,30,86,380,43,84,14,1,18,49,28,118,3,1,222,276,410,686,-8,-3,638,325,734,7,69,0.24,27,114,86,61,52,20,28,249,35,3.68,-10.6,9
4817,608385,Winker,Jesse,25,L,o97,CIN,3055 CCB,65,87,417,60,123,31,0,15,61,60,69,1,2,296,384,480,864,6,10,196,147,277,13,83,0.86,32,105,70,25,47,22,31,290,55,6.58,23,66
5956,621550,Wisdom,Patrick,27,R,5,TEX,4320 ACB,0,0,63,8,15,4,0,3,9,5,21,1,0,231,286,454,740,-21,-13,714,355,747,7,66,0.23,29,149,89,70,37,22,41,248,35,4.23,-0.5,27
5244,547172,Wolters,Tony,27,L,2,COL,1231 AFC,7,25,181,20,40,7,4,2,23,23,39,1,1,220,310,333,643,-19,-12,745,426,749,11,78,0.6,27,63,112,60,55,19,26,254,60,3.33,-0.7,23
4217,543939,Wong,Kolten,28,L,4,STL,1345 BCC,65,58,499,66,133,27,5,10,56,45,82,12,5,268,329,405,734,4,8,604,317,592,8,84,0.56,30,77,108,88,47,21,32,273,50,4.58,5.9,47
5769,642851,Wynns,Austin,28,R,2,BAL,1001 AFF,2,0,129,13,24,3,0,3,11,7,42,0,0,187,231,273,505,-23,-16,697,381,744,5,68,0.18,25,56,85,0,40,20,40,193,30,1.98,-6,-46
4335,592885,Yelich,Christian,27,L,o798,MIL,4455 AAD,90,10,576,104,176,35,5,26,97,70,133,20,4,305,380,519,900,34,34,7,1,17,11,77,0.53,36,123,117,114,51,24,25,297,45,7.33,45.6,65
3328,458913,Young Jr.,Eric,34,B,o8,FAA,1201 AFF,4,0,96,8,20,4,1,1,6,6,28,2,3,205,252,293,545,-23,-15,751,686,728,6,71,0.21,28,59,94,61,40,20,40,205,35,2.14,-7.6,-28
5629,657145,Zagunis,Mark,26,R,9o,CHC,0400 AFF,0,28,30,4,7,1,0,0,2,4,9,1,0,224,321,302,623,-24,-15,0,0,0,13,68,0.45,31,57,92,89,40,20,40,196,30,3.27,-1.1,-27
6045,664874,Zavala,Seby,25,R,,CHW,3000 AFF,0,0,32,3,7,2,0,1,4,2,11,0,0,224,279,368,647,-24,-15,0,0,0,7,66,0.22,31,101,91,2,40,20,40,216,30,3.29,-0.2,-12
5076,605548,Zimmer,Bradley,26,L,8o,CLE,1400 ADC,0,18,62,8,14,3,0,1,6,6,23,4,1,231,300,361,661,-21,-13,616,312,615,9,63,0.27,34,96,110,117,48,23,29,223,25,3.59,-1.1,-18
1130,475582,Zimmerman,Ryan,34,R,3,WAS,3045 FCF,60,104,436,58,113,28,1,18,77,40,92,0,1,260,321,458,779,3,6,375,223,438,8,79,0.43,29,114,88,1,48,18,34,271,50,5,3,52
2380,450314,Zobrist,Ben,38,B,o497,CHC,1145 BBF,55,23,422,63,115,24,3,7,52,54,60,3,3,273,356,396,752,-1,4,475,226,494,11,86,0.91,30,70,105,57,49,20,31,273,60,4.87,8.4,56
4221,572287,Zunino,Mike,28,R,2,TAM,4003 BCD,21,39,379,42,85,19,0,21,51,29,144,0,0,223,279,444,722,-7,-3,236,127,351,7,62,0.2,30,153,78,0,35,20,46,229,25,4.06,7,10
